0.5597533095006952,0.0,0.1305876380501861,0.0,0.0,0.2793598181161716,0.018655009450276004,0.0,0.0,0.0,0.0,0.0,0.0,0.0,0.0,0.0,0.0,0.0,0.0,0.0,0.0,0.0,0.0,0.0,0.0,0.0,0.0,0.0
0.0,1.2748532576879545,0.1351943600302152,0.15752903364326357,0.006333416534356543,0.0,0.0,0.0,0.0,0.0,0.0,0.0,0.0,0.0,0.0,0.0,0.0,0.0,0.0,0.0,0.0,0.0,0.0,0.0,0.0,0.0,0.0,0.0
0.06148576848451911,0.02643113508943158,1.2560519501192722,0.03146361167996331,0.11570975421160547,0.38257239580694274,0.0,0.014406298119990748,0.0,0.0,0.0,0.0,0.0,0.0,0.0,0.0,0.0,0.0,0.0,0.0,0.0,0.0,0.0,0.0,0.0,0.0,0.0,0.0
0.0,0.13185389558672683,0.0499087993536735,1.8080334815305188,0.10118349158482717,0.0,0.0,0.0,0.0,0.0,0.0,0.0,0.12521921492102478,0.004812631200430365,0.0,0.0,0.0,0.0,0.0,0.0,0.0,0.0,0.0,0.0,0.0,0.0,0.0,0.0
0.0,0.0007326462785447214,0.0826695934141351,0.034977581415359484,0.9507890588514994,0.12275133021532274,0.0,0.3371585643801026,0.0,0.0,0.0,0.0,0.02791484516128613,0.09343000880130077,0.0,0.005051198086893981,0.0,0.0,0.0,0.0,0.0,0.0,0.0,0.0,0.0,0.0,0.0,0.0
0.030523033503646317,0.0,0.08260622520917468,0.0,0.12088699170403296,1.6285995789114123,0.4640206667551903,0.3623996228146226,0.022085548523836995,0.0,0.0,0.0,0.0,0.0,0.0,0.0,0.0,0.0,0.0,0.0,0.0,0.0,0.0,0.0,0.0,0.0,0.0,0.0
-0.000816366854647233,0.0,0.0,0.0,0.0,0.08581226450092673,1.2129294516458986,0.2799686822082176,0.3377551884210828,0.020973383450794802,0.0,0.0,0.0,0.0,0.0,0.0,0.0,0.0,0.0,0.0,0.0,0.0,0.0,0.0,0.0,0.0,0.0,0.0
0.0,0.0,0.0009536989775214434,0.0,0.06768852403944707,0.08794107530126706,0.1551932547452809,2.0649880803857164,0.7253005548115432,0.0,0.0,0.0,0.0,0.10464257979963384,0.0,0.15906761970668695,0.014923082657638803,0.0,0.0,0.0,0.0,0.0,0.0,0.0,0.0,0.0,0.0,0.0
0.0,0.0,0.0,0.0,0.0,0.0007141285780315574,0.051045297546340095,0.22036163698806005,1.8169273950157117,0.445390911122311,0.0,0.0,0.0,0.0,0.0,0.3392358058278911,0.3657462655963983,0.0,0.0,0.005017678871426579,0.0,0.0,0.0,0.0,0.0,0.0,0.0,0.0
0.0,0.0,0.0,0.0,0.0,0.0,0.0025474818513272018,0.0,0.13621288488621372,2.1184318818619805,0.4840492247390616,0.0,0.0,0.0,0.0,0.0,0.2177822384366902,0.0,0.0,0.13233034066688873,0.006456187094463394,0.0,0.0,0.0,0.0,0.0,0.0,0.0
0.0,0.0,0.0,0.0,0.0,0.0,0.0,0.0,0.0,0.24592645383204725,2.941624829118224,0.3177305339933607,0.0,0.0,0.0,0.0,0.0,0.0,0.0,0.0789396035390725,0.23230885824178157,0.0,0.008176312332908414,0.0,0.0,0.0,0.0,0.0
0.0,0.0,0.0,0.0,0.0,0.0,0.0,0.0,0.0,0.0,0.31679917967104587,2.0903605459689647,0.0,0.0,0.0,0.0,0.0,0.0,0.0,0.0,0.09985581220820174,0.0,0.23067218494673572,0.0,0.0,0.0,0.0,0.0
0.0,0.0,0.0,0.16964561044826243,0.03980478231408352,0.0,0.0,0.0,0.0,0.0,0.0,0.0,1.4554544777426408,0.08425206264157457,0.002898034797810896,0.0,0.0,0.0,0.0,0.0,0.0,0.0,0.0,0.0,0.0,0.0,0.0,0.0
0.0,0.0,0.0,0.0009169276425289636,0.10508776819923396,0.0,0.0,0.180694209245908,0.0,0.0,0.0,0.0,0.05403916466555774,1.458322999731547,0.09842513930705711,0.20576387338996066,0.0,0.003937095325322806,0.0,0.0,0.0,0.0,0.0,0.0,0.0,0.0,0.0,0.0
0.0,0.0,0.0,0.0,0.0,0.0,0.0,0.0,0.0,0.0,0.0,0.0,0.0007909291543828129,0.2023385720998486,2.035305693300589,0.1504458543921478,0.0,0.2078550530347913,0.0,0.0,0.0,0.0,0.0,0.07292433991542889,0.0006076431254654663,0.0,0.0,0.0
0.0,0.0,0.0,0.0,0.0008912585071466671,0.0,0.0,0.14534489562090874,0.3495096312316385,0.0,0.0,0.0,0.0,0.09434074773217949,0.1052360264058168,1.3582973170288255,0.6827465837200669,0.11760275174060408,0.003910060423412403,0.0,0.0,0.0,0.0,0.0,0.0,0.0,0.0,0.0
0.0,0.0,0.0,0.0,0.0,0.0,0.0,0.006724570220572717,0.24540704718670173,0.2832491922669574,0.0,0.0,0.0,0.0,0.0,0.47682107625944914,4.866703866691577,0.7721285445698391,0.311121678759308,0.42636330145937434,0.0,0.007877837459559982,0.0,0.0,0.0,0.0,0.0,0.0
0.0,0.0,0.0,0.0,0.0,0.0,0.0,0.0,0.0,0.0,0.0,0.0,0.0,0.00345375570219542,0.24361779195737915,0.20979609047068634,0.683128675274388,2.544900159316814,0.3965877789966371,0.0,0.0,0.0,0.0,0.1563214114088208,0.07647428202536269,0.003279475174589456,0.0,0.0
0.0,0.0,0.0,0.0,0.0,0.0,0.0,0.0,0.0,0.0,0.0,0.0,0.0,0.0,0.0,0.004525369621726508,0.27916999400213083,0.3976190975901696,1.8024074339223977,0.17632332140771717,0.0,0.38053958978644387,0.0,0.0,0.20436716635964305,0.11057088519912357,0.0,0.0038981754383106255
0.0,0.0,0.0,0.0,0.0,0.0,0.0,0.0,0.0039113626868529814,0.1095130818249732,0.0954956749514997,0.0,0.0,0.0,0.0,0.0,0.2786523699719333,0.0,0.2259095933586045,0.7741387649898352,0.13684668659535099,0.10648821065323097,0.0,0.0,0.0,0.0,0.0,0.0
0.0,0.0,0.0,0.0,0.0,0.0,0.0,0.0,0.0,0.007927305658362117,0.26329983579805116,0.12184340476329365,0.0,0.0,0.0,0.0,0.0,0.0,0.0,0.1076462794180367,1.4600813891489859,0.06731587119923084,0.19617019049943923,0.0,0.0,0.0,0.0,0.0
0.0,0.0,0.0,0.0,0.0,0.0,0.0,0.0,0.0,0.0,0.0,0.0,0.0,0.0,0.0,0.0,0.008597275807620722,0.0,0.3792571218190398,0.07762803203710285,0.054233459914972144,1.3552839496047184,0.0,0.0,0.0,0.389498483506199,0.0,0.1360885917845865
0.0,0.0,0.0,0.0,0.0,0.0,0.0,0.0,0.0,0.0,0.013756206974137652,0.3001211112726645,0.0,0.0,0.0,0.0,0.0,0.0,0.0,0.0,0.1744023611571574,0.0,1.5451179798768153,0.0,0.0,0.0,0.0,0.0
0.0,0.0,0.0,0.0,0.0,0.0,0.0,0.0,0.0,0.0,0.0,0.0,0.0,0.0,0.24439740469262042,0.0,0.0,0.15607616386526868,0.0,0.0,0.0,0.0,0.0,1.3753410590001132,0.07532102357048316,0.0,0.0005747134320524121,0.0
0.0,0.0,0.0,0.0,0.0,0.0,0.0,0.0,0.0,0.0,0.0,0.0,0.0,0.0,0.003493664823260169,0.0,0.0,0.19295018153603485,0.2159673974457928,0.0,0.0,0.0,0.0,0.1848537465236485,0.9659200733879095,0.17349451401083582,0.04553277211610422,0.0
0.0,0.0,0.0,0.0,0.0,0.0,0.0,0.0,0.0,0.0,0.0,0.0,0.0,0.0,0.0,0.0,0.0,0.005817434438589772,0.16033795682666876,0.0,0.0,0.3306792837558233,0.0,0.0,0.22309872898376945,1.4016634216033597,0.17662881366530267,0.327526241714865
0.0,0.0,0.0,0.0,0.0,0.0,0.0,0.0,0.0,0.0,0.0,0.0,0.0,0.0,0.0,0.0,0.0,0.0,0.0,0.0,0.0,0.0,0.0,0.0038544535784620633,0.14899976399631062,0.24463549372520793,1.3836221251386498,0.0
0.0,0.0,0.0,0.0,0.0,0.0,0.0,0.0,0.0,0.0,0.0,0.0,0.0,0.0,0.0,0.0,0.0,0.0,0.005174125331362023,0.0,0.0,0.11366126781651593,0.0,0.0,0.0,0.32023703866664543,0.0,1.2420402063369862
0.5433990889172431,0.0,0.12518261659229346,0.0,0.0,0.2853617788081324,0.01696646273511411,0.0,0.0,0.0,0.0,0.0,0.0,0.0,0.0,0.0,0.0,0.0,0.0,0.0,0.0,0.0,0.0,0.0,0.0,0.0,0.0,0.0
0.0,1.2387013518302301,0.12466498304417979,0.12796294109477657,0.006128160663189606,0.0,0.0,0.0,0.0,0.0,0.0,0.0,0.0,0.0,0.0,0.0,0.0,0.0,0.0,0.0,0.0,0.0,0.0,0.0,0.0,0.0,0.0,0.0
0.0632071636552769,0.028210356283700645,1.21880691717658,0.028437977857159354,0.11527111868040057,0.4098649316392334,0.0,0.013732144647701752,0.0,0.0,0.0,0.0,0.0,0.0,0.0,0.0,0.0,0.0,0.0,0.0,0.0,0.0,0.0,0.0,0.0,0.0,0.0,0.0
0.0,0.14979948707641763,0.05466442505578107,1.7542639120928036,0.11485527128111464,0.0,0.0,0.0,0.0,0.0,0.0,0.0,0.13241124078758074,0.005239268275576382,0.0,0.0,0.0,0.0,0.0,0.0,0.0,0.0,0.0,0.0,0.0,0.0,0.0,0.0
0.0,0.009462976809977873,0.07758970236960619,0.03082686474674567,0.9316778741629185,0.12735411964676885,0.0,0.31424396008730343,0.0,0.0,0.0,0.0,0.026839115555176502,0.08937855116923202,0.0,0.005528745460747477,0.0,0.0,0.0,0.0,0.0,0.0,0.0,0.0,0.0,0.0,0.0,0.0
0.029780848116899742,0.0,0.07958063104630965,0.0,0.11726909288170353,1.6546430392738694,0.4303640808267782,0.32654334010346064,0.019184789979132737,0.0,0.0,0.0,0.0,0.0,0.0,0.0,0.0,0.0,0.0,0.0,0.0,0.0,0.0,0.0,0.0,0.0,0.0,0.0
0.00048738364439681166,0.0,0.0,0.0,0.0,0.09455634349517628,1.1714165139635522,0.2717696556893335,0.3130318657688554,0.01972814135765292,0.0,0.0,0.0,0.0,0.0,0.0,0.0,0.0,0.0,0.0,0.0,0.0,0.0,0.0,0.0,0.0,0.0,0.0
0.0,0.0,0.0006041329953036323,0.0,0.07528934152981666,0.10135347397099496,0.16326516396403287,2.0959397122052805,0.7163535105927513,0.0,0.0,0.0,0.0,0.11267349306466892,0.0,0.17836859007261774,0.01686733723390437,0.0,0.0,0.0,0.0,0.0,0.0,0.0,0.0,0.0,0.0,0.0
0.0,0.0,0.0,0.0,0.0,0.00243558025784486,0.0521544637384754,0.22301150107799758,1.7433156614217058,0.43765743871344875,0.0,0.0,0.0,0.0,0.0,0.3716015224883325,0.41290178092643753,0.0,0.0,0.005785008891396755,0.0,0.0,0.0,0.0,0.0,0.0,0.0,0.0
0.0,0.0,0.0,0.0,0.0,0.0,0.002438975036259941,0.0,0.12840842488045856,2.0806975422403244,0.4601818772789703,0.0,0.0,0.0,0.0,0.0,0.23904897259542,0.0,0.0,0.13894351781570696,0.006377078411918901,0.0,0.0,0.0,0.0,0.0,0.0,0.0
0.0,0.0,0.0,0.0,0.0,0.0,0.0,0.0,0.0,0.2398308534791039,2.9338030892728297,0.31098745301441494,0.0,0.0,0.0,0.0,0.0,0.0,0.0,0.07939536596132607,0.2312110985003945,0.0,0.008634033757724783,0.0,0.0,0.0,0.0,0.0
0.0,0.0,0.0,0.0,0.0,0.0,0.0,0.0,0.0,0.0,0.30360792794659264,2.0555864519255023,0.0,0.0,0.0,0.0,0.0,0.0,0.0,0.0,0.09128418661102664,0.0,0.22353182314346154,0.0,0.0,0.0,0.0,0.0
0.0,0.0,0.0,0.15350064178415018,0.04223460389921974,0.0,0.0,0.0,0.0,0.0,0.0,0.0,1.4496967749429384,0.08923629506604563,0.002887246361435696,0.0,0.0,0.0,0.0,0.0,0.0,0.0,0.0,0.0,0.0,0.0,0.0,0.0
0.0,0.0,0.0,0.0008249466415421773,0.10297884435167716,0.0,0.0,0.16781274738144347,0.0,0.0,0.0,0.0,0.05268619180560233,1.4170975319529422,0.09482008249751764,0.2151656390901275,0.0,0.003958110935889667,0.0,0.0,0.0,0.0,0.0,0.0,0.0,0.0,0.0,0.0
0.0,0.0,0.0,0.0,0.0,0.0,0.0,0.0,0.0,0.0,0.0,0.0,0.0020638023444595178,0.19499275891681375,1.9523846379881769,0.15502656969710454,0.0,0.21509100755689736,0.0,0.0,0.0,0.0,0.0,0.06961021608797636,0.0010535937325277978,0.0,0.0,0.0
0.0,0.0,0.0,0.0,0.0014572136020270519,0.0,0.0,0.14488030797525608,0.3353594411636247,0.0,0.0,0.0,0.0,0.10134391444645534,0.10979277492318788,1.4946198974570521,0.7677161699072995,0.12763797679827715,0.004424997932684427,0.0,0.0,0.0,0.0,0.0,0.0,0.0,0.0,0.0
0.0,0.0,0.0,0.0,0.0,0.0,0.0,0.007010388968356971,0.24104453166230735,0.28518240032744463,0.0,0.0,0.0,0.0,0.0,0.5333929587889216,5.198076546327914,0.8280002276542736,0.3486207986297151,0.4518351487462796,0.0,0.008170813781713759,0.0,0.0,0.0,0.0,0.0,0.0
0.0,0.0,0.0,0.0,0.0,0.0,0.0,0.0,0.0,0.0,0.0,0.0,0.0,0.003501557015331428,0.24081072550555205,0.21610651387604002,0.7084004469289878,2.5830254211433896,0.41181266010345724,0.0,0.0,0.0,0.0,0.15060065723428293,0.07484699112224646,0.003976730747102091,0.0,0.0
0.0,0.0,0.0,0.0,0.0,0.0,0.0,0.0,0.0,0.0,0.0,0.0,0.0,0.0,0.0,0.004704535140283788,0.29467590216058753,0.40192247565733036,1.853299751947211,0.1716109696929704,0.0,0.3553842083148031,0.0,0.0,0.19336458669725465,0.10710761058600311,0.0,0.003358497424474399
0.0,0.0,0.0,0.0,0.0,0.0,0.0,0.0,0.0034759956912818143,0.09916712235724512,0.08174103895883823,0.0,0.0,0.0,0.0,0.0,0.2835757037345753,0.0,0.22482231689185456,0.7366553035142694,0.1170509948261605,0.09950291166833236,0.0,0.0,0.0,0.0,0.0,0.0
0.0,0.0,0.0,0.0,0.0,0.0,0.0,0.0,0.0,0.007757981102568273,0.2661851484623212,0.11707756953286338,0.0,0.0,0.0,0.0,0.0,0.0,0.0,0.11188811348859595,1.4397787588880646,0.06660368334930046,0.18676175359656175,0.0,0.0,0.0,0.0,0.0
0.0,0.0,0.0,0.0,0.0,0.0,0.0,0.0,0.0,0.0,0.0,0.0,0.0,0.0,0.0,0.0,0.009299671882746854,0.0,0.3970237722834349,0.07870222022663723,0.04801699537618596,1.3069815492288714,0.0,0.0,0.0,0.3738981676551816,0.0,0.11708309250705967
0.0,0.0,0.0,0.0,0.0,0.0,0.0,0.0,0.0,0.0,0.01473195483217177,0.3209182256233379,0.0,0.0,0.0,0.0,0.0,0.0,0.0,0.0,0.17681832310322176,0.0,1.5854263929513972,0.0,0.0,0.0,0.0,0.0
0.0,0.0,0.0,0.0,0.0,0.0,0.0,0.0,0.0,0.0,0.0,0.0,0.0,0.0,0.24196047039880195,0.0,0.0,0.16518032994419193,0.0,0.0,0.0,0.0,0.0,1.3567678823793057,0.0779432146085244,0.0,0.0005478904711032558,0.0
0.0,0.0,0.0,0.0,0.0,0.0,0.0,0.0,0.0,0.0,0.0,0.0,0.0,0.0,0.003649976642355727,0.0,0.0,0.19854571527043854,0.22354034701153644,0.0,0.0,0.0,0.0,0.18261811097416367,0.9532039863036366,0.17212007362182558,0.04271327908717337,0.0
0.0,0.0,0.0,0.0,0.0,0.0,0.0,0.0,0.0,0.0,0.0,0.0,0.0,0.0,0.0,0.0,0.0,0.005882312593109965,0.16663495052943975,0.0,0.0,0.30362058670401726,0.0,0.0,0.2165157903922556,1.3547978809027397,0.1578859099809125,0.26734254814641223
0.0,0.0,0.0,0.0,0.0,0.0,0.0,0.0,0.0,0.0,0.0,0.0,0.0,0.0,0.0,0.0,0.0,0.0,0.0,0.0,0.0,0.0,0.0,0.004127223850936488,0.15057579448507608,0.24422747634826406,1.3201147143748744,0.0
0.0,0.0,0.0,0.0,0.0,0.0,0.0,0.0,0.0,0.0,0.0,0.0,0.0,0.0,0.0,0.0,0.0,0.0,0.00635495849896943,0.0,0.0,0.1280233462668248,0.0,0.0,0.0,0.3579604625394045,0.0,1.2078202337564294
0.5407050322457617,0.0,0.13391802370028466,0.0,0.0,0.29872828094049697,0.017262556817423728,0.0,0.0,0.0,0.0,0.0,0.0,0.0,0.0,0.0,0.0,0.0,0.0,0.0,0.0,0.0,0.0,0.0,0.0,0.0,0.0,0.0
0.0,1.2240612822669141,0.14735806453826425,0.14850960058646331,0.005435860063553835,0.0,0.0,0.0,0.0,0.0,0.0,0.0,0.0,0.0,0.0,0.0,0.0,0.0,0.0,0.0,0.0,0.0,0.0,0.0,0.0,0.0,0.0,0.0
0.059136758788036335,0.023970169891488997,1.1782108030267906,0.028237225407404067,0.10942200200348129,0.39946336768209173,0.0,0.012801840472415508,0.0,0.0,0.0,0.0,0.0,0.0,0.0,0.0,0.0,0.0,0.0,0.0,0.0,0.0,0.0,0.0,0.0,0.0,0.0,0.0
0.0,0.12637006556055533,0.05478356971900308,1.7756271577440867,0.11569807551910415,0.0,0.0,0.0,0.0,0.0,0.0,0.0,0.1404105505399071,0.004533167684742427,0.0,0.0,0.0,0.0,0.0,0.0,0.0,0.0,0.0,0.0,0.0,0.0,0.0,0.0
0.0,0.00033470722215513495,0.0775430759335479,0.03226629248053907,0.9228056605429383,0.12728881071764278,0.0,0.33722697039027494,0.0,0.0,0.0,0.0,0.029564594682473223,0.0917969596013388,0.0,0.0047832718329679285,0.0,0.0,0.0,0.0,0.0,0.0,0.0,0.0,0.0,0.0,0.0,0.0
0.027420695323140218,0.0,0.07938042812947958,0.0,0.11422501102754035,1.6074110404016462,0.4269792368953752,0.3373449092280692,0.018921385778281254,0.0,0.0,0.0,0.0,0.0,0.0,0.0,0.0,0.0,0.0,0.0,0.0,0.0,0.0,0.0,0.0,0.0,0.0,0.0
0.0004636392095231622,0.0,0.0,0.0,0.0,0.09276818109127842,1.140881269940937,0.2853422578584138,0.32508113361750063,0.01952820330040656,0.0,0.0,0.0,0.0,0.0,0.0,0.0,0.0,0.0,0.0,0.0,0.0,0.0,0.0,0.0,0.0,0.0,0.0
0.0,0.0,0.0010718988066422993,0.0,0.07447889350179512,0.09811933587928354,0.16293192924687386,2.168828020685563,0.7450703228881421,0.0,0.0,0.0,0.0,0.11357251605107968,0.0,0.19069522829525593,0.01761070303840685,0.0,0.0,0.0,0.0,0.0,0.0,0.0,0.0,0.0,0.0,0.0
0.0,0.0,0.0,0.0,0.0,0.0012146769379278502,0.04828441108785723,0.22331477243001632,1.7210678473189571,0.4249655160307433,0.0,0.0,0.0,0.0,0.0,0.3795650207900826,0.4410037858656818,0.0,0.0,0.004349627977548693,0.0,0.0,0.0,0.0,0.0,0.0,0.0,0.0
0.0,0.0,0.0,0.0,0.0,0.0,0.0012363395248193298,0.0,0.1270670395231232,2.0806023171235806,0.471159751422582,0.0,0.0,0.0,0.0,0.0,0.25473659282693256,0.0,0.0,0.1329339308081099,0.005225933460219558,0.0,0.0,0.0,0.0,0.0,0.0,0.0
0.0,0.0,0.0,0.0,0.0,0.0,0.0,0.0,0.0,0.21213028479254492,2.820674041569425,0.26995120378299864,0.0,0.0,0.0,0.0,0.0,0.0,0.0,0.06466870301267919,0.20782260436773808,0.0,0.007606910333176948,0.0,0.0,0.0,0.0,0.0
0.0,0.0,0.0,0.0,0.0,0.0,0.0,0.0,0.0,0.0,0.31633880594318625,2.028614064278496,0.0,0.0,0.0,0.0,0.0,0.0,0.0,0.0,0.08478327387201208,0.0,0.24322452962828695,0.0,0.0,0.0,0.0,0.0
0.0,0.0,0.0,0.13875344410320078,0.03787661861746141,0.0,0.0,0.0,0.0,0.0,0.0,0.0,1.4139690949319943,0.08466345837018018,0.0017299730024374752,0.0,0.0,0.0,0.0,0.0,0.0,0.0,0.0,0.0,0.0,0.0,0.0,0.0
0.0,0.0,0.0,0.0008086124720782295,0.09511071277157403,0.0,0.0,0.16736595445912944,0.0,0.0,0.0,0.0,0.05469472732524796,1.3723567391917304,0.0875377170851238,0.2267393844232236,0.0,0.00295549843866889,0.0,0.0,0.0,0.0,0.0,0.0,0.0,0.0,0.0,0.0
0.0,0.0,0.0,0.0,0.0,0.0,0.0,0.0,0.0,0.0,0.0,0.0,0.001191591231880747,0.19874446023363385,1.933812227382026,0.17152644351363922,0.0,0.22714734839116796,0.0,0.0,0.0,0.0,0.0,0.07198414286229962,0.0008292164759910589,0.0,0.0,0.0
0.0,0.0,0.0,0.0,0.001077587465494727,0.0,0.0,0.1526521607823339,0.352731685106172,0.0,0.0,0.0,0.0,0.10608428439793162,0.10874824438236205,1.6397311365819995,0.8713685406768056,0.13044815646066726,0.0035315443822987007,0.0,0.0,0.0,0.0,0.0,0.0,0.0,0.0,0.0
0.0,0.0,0.0,0.0,0.0,0.0,0.0,0.006473104639285485,0.25121976152535863,0.2934029918779456,0.0,0.0,0.0,0.0,0.0,0.5756047420370038,5.4277061143419685,0.8160899617734825,0.35276671612045657,0.4397784842082973,0.0,0.00716439977603328,0.0,0.0,0.0,0.0,0.0,0.0
0.0,0.0,0.0,0.0,0.0,0.0,0.0,0.0,0.0,0.0,0.0,0.0,0.0,0.0025713242737917105,0.24486495903957242,0.23936881113733052,0.8010161127073313,2.6841279708540897,0.4294386858960073,0.0,0.0,0.0,0.0,0.15839048493021646,0.07620635572629027,0.0018217269070579082,0.0,0.0
0.0,0.0,0.0,0.0,0.0,0.0,0.0,0.0,0.0,0.0,0.0,0.0,0.0,0.0,0.0,0.004205782309897572,0.3285431229888974,0.40242875546093043,1.860363454288811,0.16528844116962071,0.0,0.3396817535766047,0.0,0.0,0.1863957622719848,0.09832453041692427,0.0,0.0022853784644732453
0.0,0.0,0.0,0.0,0.0,0.0,0.0,0.0,0.0023094009031391816,0.0999204340025169,0.08240276347628187,0.0,0.0,0.0,0.0,0.0,0.30842240233485535,0.0,0.22067214965760867,0.7060792672886973,0.11113250082699416,0.09623888247161558,0.0,0.0,0.0,0.0,0.0,0.0
0.0,0.0,0.0,0.0,0.0,0.0,0.0,0.0,0.0,0.007264199351997033,0.2959930665132051,0.11380427445321487,0.0,0.0,0.0,0.0,0.0,0.0,0.0,0.10812976370295227,1.4716480382231112,0.06302083320589358,0.20227756704235927,0.0,0.0,0.0,0.0,0.0
0.0,0.0,0.0,0.0,0.0,0.0,0.0,0.0,0.0,0.0,0.0,0.0,0.0,0.0,0.0,0.0,0.009558460088728253,0.0,0.40431592111460446,0.07839228815285729,0.046147575865128874,1.2923279676612653,0.0,0.0,0.0,0.3423717951004365,0.0,0.1259504591896677
0.0,0.0,0.0,0.0,0.0,0.0,0.0,0.0,0.0,0.0,0.01391814956854171,0.29487572219962055,0.0,0.0,0.0,0.0,0.0,0.0,0.0,0.0,0.15672588201766,0.0,1.5708630177242708,0.0,0.0,0.0,0.0,0.0
0.0,0.0,0.0,0.0,0.0,0.0,0.0,0.0,0.0,0.0,0.0,0.0,0.0,0.0,0.2309865664542819,0.0,0.0,0.16698914241097043,0.0,0.0,0.0,0.0,0.0,1.3753867641031727,0.07893545894517463,0.0,0.0005176355434749196,0.0
0.0,0.0,0.0,0.0,0.0,0.0,0.0,0.0,0.0,0.0,0.0,0.0,0.0,0.0,0.0028233632762700656,0.0,0.0,0.20680881309135726,0.23015607197624022,0.0,0.0,0.0,0.0,0.1955787967791729,0.9815213947838055,0.16574170691741608,0.041689913256782556,0.0
0.0,0.0,0.0,0.0,0.0,0.0,0.0,0.0,0.0,0.0,0.0,0.0,0.0,0.0,0.0,0.0,0.0,0.0055387888732476845,0.18031201432899518,0.0,0.0,0.305319032022008,0.0,0.0,0.22917544175587745,1.338614585747262,0.1559415202444988,0.29243938437545786
0.0,0.0,0.0,0.0,0.0,0.0,0.0,0.0,0.0,0.0,0.0,0.0,0.0,0.0,0.0,0.0,0.0,0.0,0.0,0.0,0.0,0.0,0.0,0.003986097443750328,0.15610187563986158,0.23370478628145122,1.3130915392717595,0.0
0.0,0.0,0.0,0.0,0.0,0.0,0.0,0.0,0.0,0.0,0.0,0.0,0.0,0.0,0.0,0.0,0.0,0.0,0.005411265771740908,0.0,0.0,0.12164184849069024,0.0,0.0,0.0,0.3154916019505606,0.0,1.2193974894703032
0.5591139908070664,0.0,0.13532849633126776,0.0,0.0,0.3149257967326822,0.018257579608969746,0.0,0.0,0.0,0.0,0.0,0.0,0.0,0.0,0.0,0.0,0.0,0.0,0.0,0.0,0.0,0.0,0.0,0.0,0.0,0.0,0.0
0.0,1.2826883483692229,0.1547111965813846,0.14484859179358617,0.0064615376439091515,0.0,0.0,0.0,0.0,0.0,0.0,0.0,0.0,0.0,0.0,0.0,0.0,0.0,0.0,0.0,0.0,0.0,0.0,0.0,0.0,0.0,0.0,0.0
0.059342818316928836,0.023714178737043626,1.0954723086191762,0.02584715765939591,0.10800148982280848,0.3987592514431794,0.0,0.014053487875398955,0.0,0.0,0.0,0.0,0.0,0.0,0.0,0.0,0.0,0.0,0.0,0.0,0.0,0.0,0.0,0.0,0.0,0.0,0.0,0.0
0.0,0.1361645614815309,0.05938614829156999,1.8031779517528024,0.13435217757348022,0.0,0.0,0.0,0.0,0.0,0.0,0.0,0.13468861485035835,0.005502536722604905,0.0,0.0,0.0,0.0,0.0,0.0,0.0,0.0,0.0,0.0,0.0,0.0,0.0,0.0
0.0,0.0009215932572683306,0.07164078881725532,0.029664007630868957,0.9073756374780075,0.1255943885778244,0.0,0.36589960900845037,0.0,0.0,0.0,0.0,0.025587805099355616,0.08900550835958158,0.0,0.006004480911462297,0.0,0.0,0.0,0.0,0.0,0.0,0.0,0.0,0.0,0.0,0.0,0.0
0.026587299297788674,0.0,0.07395904110696455,0.0,0.11119671560140904,1.541617858196092,0.4214330123856283,0.3545878729190409,0.019427835902876632,0.0,0.0,0.0,0.0,0.0,0.0,0.0,0.0,0.0,0.0,0.0,0.0,0.0,0.0,0.0,0.0,0.0,0.0,0.0
0.0004595959095959211,0.0,0.0,0.0,0.0,0.09239616792655857,1.1231458042128077,0.3091999391154238,0.3399549093722044,0.019291683863353924,0.0,0.0,0.0,0.0,0.0,0.0,0.0,0.0,0.0,0.0,0.0,0.0,0.0,0.0,0.0,0.0,0.0,0.0
0.0,0.0,0.0010268590171085962,0.0,0.06957442378616353,0.08942706971285448,0.15303867658722814,2.1476408203784345,0.7208819350519832,0.0,0.0,0.0,0.0,0.10261793361472367,0.0,0.20173317563975596,0.01812608015823442,0.0,0.0,0.0,0.0,0.0,0.0,0.0,0.0,0.0,0.0,0.0
0.0,0.0,0.0,0.0,0.0,0.0019515935933696056,0.04612304792799706,0.2299476676321498,1.6973975395074492,0.3948089340251814,0.0,0.0,0.0,0.0,0.0,0.40965258768524665,0.4656967816455738,0.0,0.0,0.004665643682501307,0.0,0.0,0.0,0.0,0.0,0.0,0.0,0.0
0.0,0.0,0.0,0.0,0.0,0.0,0.002053134433760745,0.0,0.13176096098944506,2.068675491389775,0.3737864099186352,0.0,0.0,0.0,0.0,0.0,0.27941376699654624,0.0,0.0,0.13167252344225056,0.0056555938371333015,0.0,0.0,0.0,0.0,0.0,0.0,0.0
0.0,0.0,0.0,0.0,0.0,0.0,0.0,0.0,0.0,0.24365411448363763,2.727920673298397,0.2578423404053784,0.0,0.0,0.0,0.0,0.0,0.0,0.0,0.07086470793031079,0.23251776835745172,0.0,0.007802736865467151,0.0,0.0,0.0,0.0,0.0
0.0,0.0,0.0,0.0,0.0,0.0,0.0,0.0,0.0,0.0,0.3087652570128649,2.0375562352452703,0.0,0.0,0.0,0.0,0.0,0.0,0.0,0.0,0.09114582946380567,0.0,0.23417129149290566,0.0,0.0,0.0,0.0,0.0
0.0,0.0,0.0,0.141342505786646,0.044291219389950884,0.0,0.0,0.0,0.0,0.0,0.0,0.0,1.3775770197056618,0.09856497056853705,0.0027620688251538913,0.0,0.0,0.0,0.0,0.0,0.0,0.0,0.0,0.0,0.0,0.0,0.0,0.0
0.0,0.0,0.0,0.0007209610581748025,0.09397009882778859,0.0,0.0,0.18146414654856824,0.0,0.0,0.0,0.0,0.0477274525949763,1.3387777893089492,0.09385377065182711,0.266545436467286,0.0,0.003797544503681133,0.0,0.0,0.0,0.0,0.0,0.0,0.0,0.0,0.0,0.0
0.0,0.0,0.0,0.0,0.0,0.0,0.0,0.0,0.0,0.0,0.0,0.0,0.0012249143016087817,0.1782592750937287,1.9114004886988358,0.18429361251527207,0.0,0.23854587430775312,0.0,0.0,0.0,0.0,0.0,0.06814819754080464,0.0009286651122846507,0.0,0.0,0.0
0.0,0.0,0.0,0.0,0.0011149522586653624,0.0,0.0,0.14941448747770422,0.3340883912331166,0.0,0.0,0.0,0.0,0.0960936306599493,0.10606659146181759,1.7096647092121802,0.8752441715492825,0.13096886884312134,0.0037217955223839715,0.0,0.0,0.0,0.0,0.0,0.0,0.0,0.0,0.0
0.0,0.0,0.0,0.0,0.0,0.0,0.0,0.007420844205278438,0.24668979075103828,0.27158518107998414,0.0,0.0,0.0,0.0,0.0,0.6161296402926166,5.483122548945885,0.819348538531034,0.3237377475176723,0.3970809705950281,0.0,0.006800711412231126,0.0,0.0,0.0,0.0,0.0,0.0
0.0,0.0,0.0,0.0,0.0,0.0,0.0,0.0,0.0,0.0,0.0,0.0,0.0,0.003084622285180811,0.25071676459481607,0.2592011377061535,0.8232090931592915,2.7836952327754863,0.3968980600436462,0.0,0.0,0.0,0.0,0.15222066000169926,0.07162573774544699,0.002455043691093003,0.0,0.0
0.0,0.0,0.0,0.0,0.0,0.0,0.0,0.0,0.0,0.0,0.0,0.0,0.0,0.0,0.0,0.005901479584547513,0.38268044522132255,0.46195120820897095,1.8964775725850038,0.16657339918367825,0.0,0.32583162678011585,0.0,0.0,0.18814385795920577,0.09786917376436753,0.0,0.002914862417324859
0.0,0.0,0.0,0.0,0.0,0.0,0.0,0.0,0.0032671509909144606,0.10276599850015838,0.06589415172620242,0.0,0.0,0.0,0.0,0.0,0.3503760120180893,0.0,0.2209553507674899,0.7057275004931868,0.10310415500029849,0.09440474310672531,0.0,0.0,0.0,0.0,0.0,0.0
0.0,0.0,0.0,0.0,0.0,0.0,0.0,0.0,0.0,0.008472291629428409,0.26207347042306817,0.09632812170829756,0.0,0.0,0.0,0.0,0.0,0.0,0.0,0.11094225111468674,1.47173617985448,0.061213596967139565,0.1651379417528407,0.0,0.0,0.0,0.0,0.0
0.0,0.0,0.0,0.0,0.0,0.0,0.0,0.0,0.0,0.0,0.0,0.0,0.0,0.0,0.0,0.0,0.012375577425029104,0.0,0.4230636094365414,0.08338423818814425,0.04421213435211504,1.2935610448655332,0.0,0.0,0.0,0.33983783640221704,0.0,0.12240969816652154
0.0,0.0,0.0,0.0,0.0,0.0,0.0,0.0,0.0,0.0,0.015227157875460601,0.3094296323601838,0.0,0.0,0.0,0.0,0.0,0.0,0.0,0.0,0.1796998069302038,0.0,1.5356589831040193,0.0,0.0,0.0,0.0,0.0
0.0,0.0,0.0,0.0,0.0,0.0,0.0,0.0,0.0,0.0,0.0,0.0,0.0,0.0,0.24039003368524872,0.0,0.0,0.183063584065114,0.0,0.0,0.0,0.0,0.0,1.373214199047144,0.07936977436782106,0.0,0.0004893232179447618,0.0
0.0,0.0,0.0,0.0,0.0,0.0,0.0,0.0,0.0,0.0,0.0,0.0,0.0,0.0,0.003908624703860937,0.0,0.0,0.24134011122947033,0.23497291947219046,0.0,0.0,0.0,0.0,0.21334241973366716,1.0263049602341927,0.16689080649338225,0.041501779694737964,0.0
0.0,0.0,0.0,0.0,0.0,0.0,0.0,0.0,0.0,0.0,0.0,0.0,0.0,0.0,0.0,0.0,0.0,0.007654475559119167,0.19656626411176642,0.0,0.0,0.303400492529328,0.0,0.0,0.2498597354079047,1.3939642970731316,0.1567170475361588,0.2793325035929482
0.0,0.0,0.0,0.0,0.0,0.0,0.0,0.0,0.0,0.0,0.0,0.0,0.0,0.0,0.0,0.0,0.0,0.0,0.0,0.0,0.0,0.0,0.0,0.004988724565402021,0.16716474884060553,0.2360358233474854,1.3236143780950191,0.0
0.0,0.0,0.0,0.0,0.0,0.0,0.0,0.0,0.0,0.0,0.0,0.0,0.0,0.0,0.0,0.0,0.0,0.0,0.006588457158415916,0.0,0.0,0.1261030430038379,0.0,0.0,0.0,0.32211051477203745,0.0,1.1771194005986794
0.5596538973355,0.0,0.11774802850879616,0.0,0.0,0.2844758991329392,0.017815936899768296,0.0,0.0,0.0,0.0,0.0,0.0,0.0,0.0,0.0,0.0,0.0,0.0,0.0,0.0,0.0,0.0,0.0,0.0,0.0,0.0,0.0
0.0,1.3233513158664083,0.13937577687809674,0.15326987543320095,0.006358368717482497,0.0,0.0,0.0,0.0,0.0,0.0,0.0,0.0,0.0,0.0,0.0,0.0,0.0,0.0,0.0,0.0,0.0,0.0,0.0,0.0,0.0,0.0,0.0
0.07210990379659092,0.02853348091394199,1.0955889433760593,0.03194337108920201,0.11936704753851723,0.42623166963337306,0.0,0.015524687337339787,0.0,0.0,0.0,0.0,0.0,0.0,0.0,0.0,0.0,0.0,0.0,0.0,0.0,0.0,0.0,0.0,0.0,0.0,0.0,0.0
0.0,0.13308411543983828,0.05098875732257733,1.83424438361691,0.12838125575281537,0.0,0.0,0.0,0.0,0.0,0.0,0.0,0.13301858148124057,0.005404808911660738,0.0,0.0,0.0,0.0,0.0,0.0,0.0,0.0,0.0,0.0,0.0,0.0,0.0,0.0
0.0,0.0005487931793672027,0.06416259083892703,0.03318774643757476,0.9011702352175344,0.11960303446158652,0.0,0.37251032459439404,0.0,0.0,0.0,0.0,0.027731700658185057,0.09475444350116731,0.0,0.006684319735872278,0.0,0.0,0.0,0.0,0.0,0.0,0.0,0.0,0.0,0.0,0.0,0.0
0.02960605484925184,0.0,0.07088167792375856,0.0,0.11629781355776533,1.5184093602777973,0.4598300483997922,0.372356950145276,0.021303088687196763,0.0,0.0,0.0,0.0,0.0,0.0,0.0,0.0,0.0,0.0,0.0,0.0,0.0,0.0,0.0,0.0,0.0,0.0,0.0
0.00046173639517417043,0.0,0.0,0.0,0.0,0.08271948899231976,1.0774122293989083,0.29451604257010955,0.3388093753243181,0.01764440048054474,0.0,0.0,0.0,0.0,0.0,0.0,0.0,0.0,0.0,0.0,0.0,0.0,0.0,0.0,0.0,0.0,0.0,0.0
0.0,0.0,0.0008679753764484025,0.0,0.06830825603913318,0.08175136055126207,0.1556560357559615,2.0809680131479515,0.7381033899281527,0.0,0.0,0.0,0.0,0.10642617357189985,0.0,0.2207493891157969,0.019751989574728884,0.0,0.0,0.0,0.0,0.0,0.0,0.0,0.0,0.0,0.0,0.0
0.0,0.0,0.0,0.0,0.0,0.0017401553135821003,0.045311253156413954,0.22186004037675283,1.7044052601664919,0.36601366262733787,0.0,0.0,0.0,0.0,0.0,0.43943387178706556,0.5089261228962564,0.0,0.0,0.004642485976743614,0.0,0.0,0.0,0.0,0.0,0.0,0.0,0.0
0.0,0.0,0.0,0.0,0.0,0.0,0.001956550049398336,0.0,0.13852632895174719,2.0562732049632126,0.351267920803619,0.0,0.0,0.0,0.0,0.0,0.3165665712316392,0.0,0.0,0.14596898266982333,0.005350487922497157,0.0,0.0,0.0,0.0,0.0,0.0,0.0
0.0,0.0,0.0,0.0,0.0,0.0,0.0,0.0,0.0,0.24876854754645705,2.7896058975847597,0.27302527949550287,0.0,0.0,0.0,0.0,0.0,0.0,0.0,0.07712967424962627,0.23644514988054416,0.0,0.00911264475765047,0.0,0.0,0.0,0.0,0.0
0.0,0.0,0.0,0.0,0.0,0.0,0.0,0.0,0.0,0.0,0.2886935841443692,2.0596809356151033,0.0,0.0,0.0,0.0,0.0,0.0,0.0,0.0,0.08057874828267265,0.0,0.25512625134323047,0.0,0.0,0.0,0.0,0.0
0.0,0.0,0.0,0.14522759695861429,0.04293856451059882,0.0,0.0,0.0,0.0,0.0,0.0,0.0,1.3916971348306022,0.10349888906601898,0.002740047589355577,0.0,0.0,0.0,0.0,0.0,0.0,0.0,0.0,0.0,0.0,0.0,0.0,0.0
0.0,0.0,0.0,0.0007887495283422618,0.08687582999774655,0.0,0.0,0.17103805741075384,0.0,0.0,0.0,0.0,0.04862461047493704,1.333753338468798,0.09274648655155765,0.28765505710226774,0.0,0.004129461486660734,0.0,0.0,0.0,0.0,0.0,0.0,0.0,0.0,0.0,0.0
0.0,0.0,0.0,0.0,0.0,0.0,0.0,0.0,0.0,0.0,0.0,0.0,0.0016673371867109673,0.17597591843588634,1.882583855805218,0.1960445845442336,0.0,0.26494542920630837,0.0,0.0,0.0,0.0,0.0,0.07044366302676501,0.0015558443787783507,0.0,0.0,0.0
0.0,0.0,0.0,0.0,0.0008753210938614726,0.0,0.0,0.12496526130161113,0.2929793268047166,0.0,0.0,0.0,0.0,0.08729557032260067,0.09408755761909986,1.6145872504785748,0.825922345041554,0.12702245370922696,0.0035990783866962123,0.0,0.0,0.0,0.0,0.0,0.0,0.0,0.0,0.0
0.0,0.0,0.0,0.0,0.0,0.0,0.0,0.006424920492840606,0.21902524483676566,0.22327694173936954,0.0,0.0,0.0,0.0,0.0,0.5830894991854725,5.380520979580339,0.7799115199625088,0.32026234576329854,0.35780736268421515,0.0,0.006042105172466343,0.0,0.0,0.0,0.0,0.0,0.0
0.0,0.0,0.0,0.0,0.0,0.0,0.0,0.0,0.0,0.0,0.0,0.0,0.0,0.002969189859291458,0.23610000861757155,0.2565342500167713,0.8048512988984957,2.823992352133573,0.4072748900918502,0.0,0.0,0.0,0.0,0.14739377828570063,0.07554207686059926,0.0023054807620514605,0.0,0.0
0.0,0.0,0.0,0.0,0.0,0.0,0.0,0.0,0.0,0.0,0.0,0.0,0.0,0.0,0.0,0.005942064759970539,0.37576751061109576,0.4599397206263491,1.9109317834199997,0.15329654133481418,0.0,0.2969208610739573,0.0,0.0,0.19014133928175495,0.09424438083022336,0.0,0.0025153643045936007
0.0,0.0,0.0,0.0,0.0,0.0,0.0,0.0,0.003099498715985364,0.09434878509498144,0.05583374758870574,0.0,0.0,0.0,0.0,0.0,0.3693289556753855,0.0,0.24014809655419453,0.7114094045473934,0.08755866871281494,0.09683773804497318,0.0,0.0,0.0,0.0,0.0,0.0
0.0,0.0,0.0,0.0,0.0,0.0,0.0,0.0,0.0,0.008704130166820161,0.2661902182283634,0.09804783787963678,0.0,0.0,0.0,0.0,0.0,0.0,0.0,0.12329436204886993,1.457946164338618,0.06668780800281564,0.18285318421312596,0.0,0.0,0.0,0.0,0.0
0.0,0.0,0.0,0.0,0.0,0.0,0.0,0.0,0.0,0.0,0.0,0.0,0.0,0.0,0.0,0.0,0.013462152379991599,0.0,0.4692984073792489,0.08672011678468151,0.03765854619198552,1.3245715935752118,0.0,0.0,0.0,0.3517958269950165,0.0,0.11940532030337611
0.0,0.0,0.0,0.0,0.0,0.0,0.0,0.0,0.0,0.0,0.013444663618059656,0.28770264428436987,0.0,0.0,0.0,0.0,0.0,0.0,0.0,0.0,0.14964325565218356,0.0,1.4992677588380405,0.0,0.0,0.0,0.0,0.0
0.0,0.0,0.0,0.0,0.0,0.0,0.0,0.0,0.0,0.0,0.0,0.0,0.0,0.0,0.2294817566543458,0.0,0.0,0.19531619986487395,0.0,0.0,0.0,0.0,0.0,1.3799530438805316,0.08954854592703854,0.0,0.0004999651880509918,0.0
0.0,0.0,0.0,0.0,0.0,0.0,0.0,0.0,0.0,0.0,0.0,0.0,0.0,0.0,0.0035959457131916656,0.0,0.0,0.2329410419293484,0.2255484597410086,0.0,0.0,0.0,0.0,0.19872863602750557,1.0244344610814247,0.1548372521962149,0.03790423219011019,0.0
0.0,0.0,0.0,0.0,0.0,0.0,0.0,0.0,0.0,0.0,0.0,0.0,0.0,0.0,0.0,0.0,0.0,0.008449037230202093,0.21329395640505405,0.0,0.0,0.28909221612898206,0.0,0.0,0.2752981504499309,1.4219528851248708,0.1542400546583541,0.2510969462947242
0.0,0.0,0.0,0.0,0.0,0.0,0.0,0.0,0.0,0.0,0.0,0.0,0.0,0.0,0.0,0.0,0.0,0.0,0.0,0.0,0.0,0.0,0.0,0.005280045658428771,0.18390045967644345,0.23685016709720383,1.3288396556264606,0.0
0.0,0.0,0.0,0.0,0.0,0.0,0.0,0.0,0.0,0.0,0.0,0.0,0.0,0.0,0.0,0.0,0.0,0.0,0.00778932276465208,0.0,0.0,0.13712915493422573,0.0,0.0,0.0,0.3530098825771375,0.0,1.1750280427072652
0.5307921510752133,0.0,0.13289064011781188,0.0,0.0,0.29192976588474706,0.016380254834167232,0.0,0.0,0.0,0.0,0.0,0.0,0.0,0.0,0.0,0.0,0.0,0.0,0.0,0.0,0.0,0.0,0.0,0.0,0.0,0.0,0.0
0.0,1.3091608591883557,0.14978149903552285,0.13635615743623375,0.005697672542473583,0.0,0.0,0.0,0.0,0.0,0.0,0.0,0.0,0.0,0.0,0.0,0.0,0.0,0.0,0.0,0.0,0.0,0.0,0.0,0.0,0.0,0.0,0.0
0.06564965934886163,0.028285141669193884,1.125910111360555,0.02860775892344987,0.10883380662375292,0.40891586004696323,0.0,0.01377093993564586,0.0,0.0,0.0,0.0,0.0,0.0,0.0,0.0,0.0,0.0,0.0,0.0,0.0,0.0,0.0,0.0,0.0,0.0,0.0,0.0
0.0,0.14870812525628255,0.06220523081362469,1.8751275138460728,0.14022469722988723,0.0,0.0,0.0,0.0,0.0,0.0,0.0,0.13742897516925362,0.005367349289300579,0.0,0.0,0.0,0.0,0.0,0.0,0.0,0.0,0.0,0.0,0.0,0.0,0.0,0.0
0.0,0.0005772777665903721,0.07424324469899861,0.03385205881683249,0.9318398668367447,0.1289598599157148,0.0,0.38353615403025965,0.0,0.0,0.0,0.0,0.028542226656068113,0.09439978042855117,0.0,0.006321634655769072,0.0,0.0,0.0,0.0,0.0,0.0,0.0,0.0,0.0,0.0,0.0,0.0
0.029173178402543545,0.0,0.08265615972546696,0.0,0.11929860782322367,1.5931989786320528,0.44015119449010975,0.37317990343638163,0.021840545588967832,0.0,0.0,0.0,0.0,0.0,0.0,0.0,0.0,0.0,0.0,0.0,0.0,0.0,0.0,0.0,0.0,0.0,0.0,0.0
0.00048633276298136056,0.0,0.0,0.0,0.0,0.09340797448434171,1.0759791847491535,0.3167424507859871,0.3726186695329033,0.01935248453993715,0.0,0.0,0.0,0.0,0.0,0.0,0.0,0.0,0.0,0.0,0.0,0.0,0.0,0.0,0.0,0.0,0.0,0.0
0.0,0.0,0.001001762110692895,0.0,0.07048285987251483,0.08541959766781185,0.14914813514851402,2.062988015277879,0.7545924574322701,0.0,0.0,0.0,0.0,0.10471133459791487,0.0,0.2097366277188954,0.01890507231590054,0.0,0.0,0.0,0.0,0.0,0.0,0.0,0.0,0.0,0.0,0.0
0.0,0.0,0.0,0.0,0.0,0.0016533972099673504,0.04236714012020545,0.22131136599754095,1.7290547242016727,0.36779225631543583,0.0,0.0,0.0,0.0,0.0,0.413502439331667,0.49427924562092646,0.0,0.0,0.004530355452546473,0.0,0.0,0.0,0.0,0.0,0.0,0.0,0.0
0.0,0.0,0.0,0.0,0.0,0.0,0.0016963679146044894,0.0,0.13862509771854176,2.0895138209858013,0.34214700408084053,0.0,0.0,0.0,0.0,0.0,0.2998916914293043,0.0,0.0,0.15000901423809218,0.00510871291122765,0.0,0.0,0.0,0.0,0.0,0.0,0.0
0.0,0.0,0.0,0.0,0.0,0.0,0.0,0.0,0.0,0.25253445663526436,2.8767840522529426,0.25604149107116864,0.0,0.0,0.0,0.0,0.0,0.0,0.0,0.07552678700995465,0.23878893421558098,0.0,0.007787488783619208,0.0,0.0,0.0,0.0,0.0
0.0,0.0,0.0,0.0,0.0,0.0,0.0,0.0,0.0,0.0,0.30435286297929226,2.0601562171246623,0.0,0.0,0.0,0.0,0.0,0.0,0.0,0.0,0.07900552615712024,0.0,0.22928143468228235,0.0,0.0,0.0,0.0,0.0
0.0,0.0,0.0,0.14504276144337286,0.04586453088425873,0.0,0.0,0.0,0.0,0.0,0.0,0.0,1.4274799785408976,0.10818005888352317,0.0027315165827061557,0.0,0.0,0.0,0.0,0.0,0.0,0.0,0.0,0.0,0.0,0.0,0.0,0.0
0.0,0.0,0.0,0.0008363911775047242,0.09254957790841858,0.0,0.0,0.1808200127523098,0.0,0.0,0.0,0.0,0.05227488006494388,1.3792174604602547,0.0989391045327744,0.29459408577115276,0.0,0.004328936400377014,0.0,0.0,0.0,0.0,0.0,0.0,0.0,0.0,0.0,0.0
0.0,0.0,0.0,0.0,0.0,0.0,0.0,0.0,0.0,0.0,0.0,0.0,0.0015551414905967537,0.17285246243023486,1.9261161074492845,0.18976488199747138,0.0,0.2810807022353981,0.0,0.0,0.0,0.0,0.0,0.07396899176268223,0.0013462221444344434,0.0,0.0,0.0
0.0,0.0,0.0,0.0,0.0008837835413587487,0.0,0.0,0.11979651048778164,0.2871060386974062,0.0,0.0,0.0,0.0,0.08412800414202078,0.09227035197220083,1.4804227384807576,0.7658912772595853,0.1257112128005824,0.0033736882448060007,0.0,0.0,0.0,0.0,0.0,0.0,0.0,0.0,0.0
0.0,0.0,0.0,0.0,0.0,0.0,0.0,0.006371948992635358,0.22263501508747588,0.22542167471898955,0.0,0.0,0.0,0.0,0.0,0.5484702307060257,5.277240685281579,0.7777552436559827,0.3238239701712006,0.35947226568714014,0.0,0.006325188440453762,0.0,0.0,0.0,0.0,0.0,0.0
0.0,0.0,0.0,0.0,0.0,0.0,0.0,0.0,0.0,0.0,0.0,0.0,0.0,0.0028584493065213997,0.23650977349638258,0.2369152079470341,0.7432906926561347,2.813910365760536,0.39911761337229595,0.0,0.0,0.0,0.0,0.1493180453691459,0.07214699878033605,0.0028709928789793287,0.0,0.0
0.0,0.0,0.0,0.0,0.0,0.0,0.0,0.0,0.0,0.0,0.0,0.0,0.0,0.0,0.0,0.005572819196934158,0.35984220162178354,0.4642001778959765,1.903776881086176,0.15215098260302834,0.0,0.3129321532732815,0.0,0.0,0.17956425034480816,0.09889585807021112,0.0,0.0027090170981242646
0.0,0.0,0.0,0.0,0.0,0.0,0.0,0.0,0.0029941065941307167,0.09582618587369142,0.05303923932727378,0.0,0.0,0.0,0.0,0.0,0.3525226883710174,0.0,0.23948357785847196,0.7199625597201134,0.08233471593546669,0.10697675702620307,0.0,0.0,0.0,0.0,0.0,0.0
0.0,0.0,0.0,0.0,0.0,0.0,0.0,0.0,0.0,0.009270913876843877,0.2868472073426409,0.09292225828974837,0.0,0.0,0.0,0.0,0.0,0.0,0.0,0.12983710479042831,1.508878070125109,0.0736890809857427,0.1572757439334642,0.0,0.0,0.0,0.0,0.0
0.0,0.0,0.0,0.0,0.0,0.0,0.0,0.0,0.0,0.0,0.0,0.0,0.0,0.0,0.0,0.0,0.012169193562844377,0.0,0.4413946441092367,0.08355404501370024,0.0327618831191692,1.3478766905351842,0.0,0.0,0.0,0.33988326613989034,0.0,0.12132997853434548
0.0,0.0,0.0,0.0,0.0,0.0,0.0,0.0,0.0,0.0,0.016236055125630276,0.32340081490477557,0.0,0.0,0.0,0.0,0.0,0.0,0.0,0.0,0.16888457498764947,0.0,1.474557163863313,0.0,0.0,0.0,0.0,0.0
0.0,0.0,0.0,0.0,0.0,0.0,0.0,0.0,0.0,0.0,0.0,0.0,0.0,0.0,0.22507534839581383,0.0,0.0,0.19728202485051055,0.0,0.0,0.0,0.0,0.0,1.3934322039725615,0.08803825443316961,0.0,0.003812440382839772,0.0
0.0,0.0,0.0,0.0,0.0,0.0,0.0,0.0,0.0,0.0,0.0,0.0,0.0,0.0,0.0036946335442825076,0.0,0.0,0.24058675396728585,0.22567721863915283,0.0,0.0,0.0,0.0,0.21141182503994357,1.0070209848099982,0.16451883695652209,0.038733430001089836,0.0
0.0,0.0,0.0,0.0,0.0,0.0,0.0,0.0,0.0,0.0,0.0,0.0,0.0,0.0,0.0,0.0,0.0,0.008186501140547996,0.20245054470030727,0.0,0.0,0.2817193349722942,0.0,0.0,0.25044647422954286,1.3962940291728547,0.1426428329925219,0.24141206577191243
0.0,0.0,0.0,0.0,0.0,0.0,0.0,0.0,0.0,0.0,0.0,0.0,0.0,0.0,0.0,0.0,0.0,0.0,0.0,0.0,0.0,0.0,0.0,0.005607296528030134,0.1815172427738308,0.24830748012595433,1.3503398598643286,0.0
0.0,0.0,0.0,0.0,0.0,0.0,0.0,0.0,0.0,0.0,0.0,0.0,0.0,0.0,0.0,0.0,0.0,0.0,0.007624860041262843,0.0,0.0,0.14589570557148177,0.0,0.0,0.0,0.3556564028840002,0.0,1.200958969311864
0.5448907598605128,0.0,0.13627385773015666,0.0,0.0,0.3231131562205552,0.018472993659443198,0.0,0.0,0.0,0.0,0.0,0.0,0.0,0.0,0.0,0.0,0.0,0.0,0.0,0.0,0.0,0.0,0.0,0.0,0.0,0.0,0.0
0.0,1.3153888298195509,0.1577825969864263,0.1566433355964035,0.0062698054763880825,0.0,0.0,0.0,0.0,0.0,0.0,0.0,0.0,0.0,0.0,0.0,0.0,0.0,0.0,0.0,0.0,0.0,0.0,0.0,0.0,0.0,0.0,0.0
0.06949898058964177,0.028386559730962976,1.1288631298647056,0.03298669382670807,0.12140703744270008,0.4539363031000673,0.0,0.014295925963921548,0.0,0.0,0.0,0.0,0.0,0.0,0.0,0.0,0.0,0.0,0.0,0.0,0.0,0.0,0.0,0.0,0.0,0.0,0.0,0.0
0.0,0.13349973017452024,0.05879690318950731,1.9540424449369707,0.1483876427091206,0.0,0.0,0.0,0.0,0.0,0.0,0.0,0.14453039668090809,0.005309558203605167,0.0,0.0,0.0,0.0,0.0,0.0,0.0,0.0,0.0,0.0,0.0,0.0,0.0,0.0
0.0,0.0005497438499264451,0.07079880690667806,0.037499703919796436,0.9934428189209683,0.13589419803009475,0.0,0.38869542266927853,0.0,0.0,0.0,0.0,0.03188182591601388,0.10083331179852827,0.0,0.005660180961191183,0.0,0.0,0.0,0.0,0.0,0.0,0.0,0.0,0.0,0.0,0.0,0.0
0.027628874012647676,0.0,0.0778719330339986,0.0,0.1239685085770262,1.6038895910576025,0.4570463185300286,0.36210631614882516,0.020251415065423516,0.0,0.0,0.0,0.0,0.0,0.0,0.0,0.0,0.0,0.0,0.0,0.0,0.0,0.0,0.0,0.0,0.0,0.0,0.0
0.0004842793972826211,0.0,0.0,0.0,0.0,0.0995908537948753,1.1494265599156372,0.3239529573669572,0.3644547123589217,0.017869098570091186,0.0,0.0,0.0,0.0,0.0,0.0,0.0,0.0,0.0,0.0,0.0,0.0,0.0,0.0,0.0,0.0,0.0,0.0
0.0,0.0,0.0016449624136159785,0.0,0.07767014117968195,0.09022843659960106,0.1635121523530246,2.0877515849781556,0.7333435095051691,0.0,0.0,0.0,0.0,0.11447796008300294,0.0,0.19872831068195362,0.018337672034871404,0.0,0.0,0.0,0.0,0.0,0.0,0.0,0.0,0.0,0.0,0.0
0.0,0.0,0.0,0.0,0.0,0.0016572236351839634,0.04950407320421688,0.24583514964728828,1.822849176237329,0.3646020346622695,0.0,0.0,0.0,0.0,0.0,0.42295883118042843,0.5284085809890661,0.0,0.0,0.004752757736328098,0.0,0.0,0.0,0.0,0.0,0.0,0.0,0.0
0.0,0.0,0.0,0.0,0.0,0.0,0.001770874614267384,0.0,0.15183361021021238,2.203262078853851,0.3639466977171991,0.0,0.0,0.0,0.0,0.0,0.32800278904088365,0.0,0.0,0.17597750657584113,0.005984465800620816,0.0,0.0,0.0,0.0,0.0,0.0,0.0
0.0,0.0,0.0,0.0,0.0,0.0,0.0,0.0,0.0,0.24753950784522044,3.0121381477343725,0.2755582331786402,0.0,0.0,0.0,0.0,0.0,0.0,0.0,0.07839459842637421,0.28004960732078577,0.0,0.009112041171126833,0.0,0.0,0.0,0.0,0.0
0.0,0.0,0.0,0.0,0.0,0.0,0.0,0.0,0.0,0.0,0.2820469153653647,2.0448872627878676,0.0,0.0,0.0,0.0,0.0,0.0,0.0,0.0,0.07777536879531907,0.0,0.2419312665494495,0.0,0.0,0.0,0.0,0.0
0.0,0.0,0.0,0.14658602344230773,0.04710271796859517,0.0,0.0,0.0,0.0,0.0,0.0,0.0,1.4779694006083284,0.11288109757306425,0.0023618101341929707,0.0,0.0,0.0,0.0,0.0,0.0,0.0,0.0,0.0,0.0,0.0,0.0,0.0
0.0,0.0,0.0,0.0009262116652668844,0.09770454871851002,0.0,0.0,0.1809654772097079,0.0,0.0,0.0,0.0,0.05849150915039288,1.468178244793172,0.09722727961077511,0.27828040602401183,0.0,0.004035228210161841,0.0,0.0,0.0,0.0,0.0,0.0,0.0,0.0,0.0,0.0
0.0,0.0,0.0,0.0,0.0,0.0,0.0,0.0,0.0,0.0,0.0,0.0,0.0015843753481465262,0.2002037760795408,2.068181440526366,0.19412339590977265,0.0,0.308730029314434,0.0,0.0,0.0,0.0,0.0,0.07983510062423688,0.0012500460552531307,0.0,0.0,0.0
0.0,0.0,0.0,0.0,0.0009994697023853307,0.0,0.0,0.12234296119036868,0.27973078720145556,0.0,0.0,0.0,0.0,0.0939195596043548,0.09392416684706802,1.4122904961786424,0.7459588901961767,0.1271805920703678,0.003225662265177263,0.0,0.0,0.0,0.0,0.0,0.0,0.0,0.0,0.0
0.0,0.0,0.0,0.0,0.0,0.0,0.0,0.0065637950554882935,0.22482328372468857,0.21433106693842127,0.0,0.0,0.0,0.0,0.0,0.5359989494534213,5.28463572859342,0.7899192610271891,0.34883621319507285,0.3743119913446024,0.0,0.006552346373522412,0.0,0.0,0.0,0.0,0.0,0.0
0.0,0.0,0.0,0.0,0.0,0.0,0.0,0.0,0.0,0.0,0.0,0.0,0.0,0.0029290063592538004,0.23647445794363706,0.2198411492227045,0.6958356429121124,2.7546784783132034,0.4012727137351559,0.0,0.0,0.0,0.0,0.14717739819081244,0.07271299625723071,0.0017706545688514893,0.0,0.0
0.0,0.0,0.0,0.0,0.0,0.0,0.0,0.0,0.0,0.0,0.0,0.0,0.0,0.0,0.0,0.005009645281340539,0.3385734667933698,0.4461212420394628,1.8865357506638207,0.14615641227499102,0.0,0.29912470201418534,0.0,0.0,0.17475975711056202,0.09177345192867342,0.0,0.002116410192415655
0.0,0.0,0.0,0.0,0.0,0.0,0.0,0.0,0.0026915818911997934,0.08916647006560852,0.04852597103571194,0.0,0.0,0.0,0.0,0.0,0.3434427115941245,0.0,0.24647978709899884,0.7344260833390533,0.08545126917887158,0.11154461720173829,0.0,0.0,0.0,0.0,0.0,0.0
0.0,0.0,0.0,0.0,0.0,0.0,0.0,0.0,0.0,0.007904384610198897,0.26354527137649325,0.08476563507580459,0.0,0.0,0.0,0.0,0.0,0.0,0.0,0.12171895495412195,1.5218309442359401,0.06770605785014633,0.15410798474888251,0.0,0.0,0.0,0.0,0.0
0.0,0.0,0.0,0.0,0.0,0.0,0.0,0.0,0.0,0.0,0.0,0.0,0.0,0.0,0.0,0.0,0.01149995942453784,0.0,0.44512028998624026,0.08417185908014167,0.03259197760427918,1.3427818372088935,0.0,0.0,0.0,0.3131712528576297,0.0,0.12375127376307572
0.0,0.0,0.0,0.0,0.0,0.0,0.0,0.0,0.0,0.0,0.015466575968120396,0.3257865672737731,0.0,0.0,0.0,0.0,0.0,0.0,0.0,0.0,0.17282509818448474,0.0,1.5363333994993624,0.0,0.0,0.0,0.0,0.0
0.0,0.0,0.0,0.0,0.0,0.0,0.0,0.0,0.0,0.0,0.0,0.0,0.0,0.0,0.23423341002033232,0.0,0.0,0.2079630821987633,0.0,0.0,0.0,0.0,0.0,1.468676949367765,0.09702032349510809,0.0,0.0005700408441890577,0.0
0.0,0.0,0.0,0.0,0.0,0.0,0.0,0.0,0.0,0.0,0.0,0.0,0.0,0.0,0.003743489832234496,0.0,0.0,0.24818294284706954,0.23474467167851357,0.0,0.0,0.0,0.0,0.22132851260852032,1.0650550089956523,0.1611373713750243,0.04156980558022313,0.0
0.0,0.0,0.0,0.0,0.0,0.0,0.0,0.0,0.0,0.0,0.0,0.0,0.0,0.0,0.0,0.0,0.0,0.00873791445611069,0.22424852753187227,0.0,0.0,0.29149444161421983,0.0,0.0,0.27509144803364094,1.4180832196743072,0.1551721355315603,0.2529263091995919
0.0,0.0,0.0,0.0,0.0,0.0,0.0,0.0,0.0,0.0,0.0,0.0,0.0,0.0,0.0,0.0,0.0,0.0,0.0,0.0,0.0,0.0,0.0,0.005570125258251165,0.18603835530741514,0.23066713452609597,1.4020699827086984,0.0
0.0,0.0,0.0,0.0,0.0,0.0,0.0,0.0,0.0,0.0,0.0,0.0,0.0,0.0,0.0,0.0,0.0,0.0,0.007916108134759748,0.0,0.0,0.151551009994865,0.0,0.0,0.0,0.3414045378508179,0.0,1.229804032801182
0.547960437204298,0.0,0.1310543635212984,0.0,0.0,0.29603432855712325,0.018102475792694195,0.0,0.0,0.0,0.0,0.0,0.0,0.0,0.0,0.0,0.0,0.0,0.0,0.0,0.0,0.0,0.0,0.0,0.0,0.0,0.0,0.0
0.0,1.3553173134230976,0.16712916161263555,0.16131143759344937,0.006245611111205395,0.0,0.0,0.0,0.0,0.0,0.0,0.0,0.0,0.0,0.0,0.0,0.0,0.0,0.0,0.0,0.0,0.0,0.0,0.0,0.0,0.0,0.0,0.0
0.08087156566724453,0.030581500195325084,1.1966803397176857,0.035831938125873035,0.13157461522865427,0.4682833529844974,0.0,0.01533072030454079,0.0,0.0,0.0,0.0,0.0,0.0,0.0,0.0,0.0,0.0,0.0,0.0,0.0,0.0,0.0,0.0,0.0,0.0,0.0,0.0
0.0,0.13351608963745387,0.06064488948995453,1.9837565484947615,0.15756346003992877,0.0,0.0,0.0,0.0,0.0,0.0,0.0,0.14270770156791407,0.005738347175248945,0.0,0.0,0.0,0.0,0.0,0.0,0.0,0.0,0.0,0.0,0.0,0.0,0.0,0.0
0.0,0.0004972329744908489,0.07268450452280463,0.039850491760571795,1.0443956763334719,0.13586060678178632,0.0,0.4151209876388147,0.0,0.0,0.0,0.0,0.03298151590999624,0.11551634897189089,0.0,0.006470276477663634,0.0,0.0,0.0,0.0,0.0,0.0,0.0,0.0,0.0,0.0,0.0,0.0
0.03139133475122962,0.0,0.08474994690448866,0.0,0.13695713090117523,1.6446402272896463,0.5097680866198551,0.3982445679686953,0.024774614112732074,0.0,0.0,0.0,0.0,0.0,0.0,0.0,0.0,0.0,0.0,0.0,0.0,0.0,0.0,0.0,0.0,0.0,0.0,0.0
0.0005111137631752762,0.0,0.0,0.0,0.0,0.09460835846948323,1.1558139861293835,0.3275685700496003,0.41223582823850036,0.0203261647363721,0.0,0.0,0.0,0.0,0.0,0.0,0.0,0.0,0.0,0.0,0.0,0.0,0.0,0.0,0.0,0.0,0.0,0.0
0.0,0.0,0.000837315674180496,0.0,0.08027777740189528,0.08569524778439118,0.1699642041985301,2.114357973625178,0.8316554090171626,0.0,0.0,0.0,0.0,0.12735906829456722,0.0,0.2262968454667746,0.021135604677657713,0.0,0.0,0.0,0.0,0.0,0.0,0.0,0.0,0.0,0.0,0.0
0.0,0.0,0.0,0.0,0.0,0.0012032445894192216,0.045578966520594344,0.22654628045128672,1.8669545211043466,0.37327745268216217,0.0,0.0,0.0,0.0,0.0,0.43085494747118447,0.560362308702405,0.0,0.0,0.004388989606191538,0.0,0.0,0.0,0.0,0.0,0.0,0.0,0.0
0.0,0.0,0.0,0.0,0.0,0.0,0.0014284936486820697,0.0,0.1590837048269504,2.3653131042386955,0.36212964840409656,0.0,0.0,0.0,0.0,0.0,0.3499591662837353,0.0,0.0,0.17571300550467076,0.005431277410365084,0.0,0.0,0.0,0.0,0.0,0.0,0.0
0.0,0.0,0.0,0.0,0.0,0.0,0.0,0.0,0.0,0.258994044779392,3.0888840422374715,0.2329956777568235,0.0,0.0,0.0,0.0,0.0,0.0,0.0,0.07239961089691788,0.25989789087493487,0.0,0.008153642666661626,0.0,0.0,0.0,0.0,0.0
0.0,0.0,0.0,0.0,0.0,0.0,0.0,0.0,0.0,0.0,0.326974012348752,2.033926970955643,0.0,0.0,0.0,0.0,0.0,0.0,0.0,0.0,0.0773505181314719,0.0,0.24864542808688192,0.0,0.0,0.0,0.0,0.0
0.0,0.0,0.0,0.15354096677344156,0.05154022172557396,0.0,0.0,0.0,0.0,0.0,0.0,0.0,1.5267830150396795,0.1359129579919318,0.0031377388085746215,0.0,0.0,0.0,0.0,0.0,0.0,0.0,0.0,0.0,0.0,0.0,0.0,0.0
0.0,0.0,0.0,0.0008902944830680293,0.09224861992356263,0.0,0.0,0.17222390248978994,0.0,0.0,0.0,0.0,0.054665827055593384,1.5127842576046522,0.1218235215763734,0.29947811192955476,0.0,0.00395702401577866,0.0,0.0,0.0,0.0,0.0,0.0,0.0,0.0,0.0,0.0
0.0,0.0,0.0,0.0,0.0,0.0,0.0,0.0,0.0,0.0,0.0,0.0,0.002002586203067799,0.16669093925358747,2.1038757814945885,0.1681481737441185,0.0,0.2683534156646977,0.0,0.0,0.0,0.0,0.0,0.07503262535884156,0.0019031746734392428,0.0,0.0,0.0
0.0,0.0,0.0,0.0,0.0003651578926428082,0.0,0.0,0.102287339768425,0.2600252557003274,0.0,0.0,0.0,0.0,0.08723490807356479,0.10495129900808124,1.3190997464380567,0.7061851866890793,0.11848756379480821,0.002410838364615419,0.0,0.0,0.0,0.0,0.0,0.0,0.0,0.0,0.0
0.0,0.0,0.0,0.0,0.0,0.0,0.0,0.0052471714294664296,0.21153125630430605,0.20207989175339233,0.0,0.0,0.0,0.0,0.0,0.501591836379373,5.187588090443748,0.7212777340852182,0.29508648954178673,0.32341401848598844,0.0,0.005105816302353589,0.0,0.0,0.0,0.0,0.0,0.0
0.0,0.0,0.0,0.0,0.0,0.0,0.0,0.0,0.0,0.0,0.0,0.0,0.0,0.0026010388781554147,0.27901120177190236,0.21553842176869692,0.6833591982914794,2.6711589359379144,0.34790748524833065,0.0,0.0,0.0,0.0,0.15749359188183198,0.06914046917670671,0.0013252319162901619,0.0,0.0
0.0,0.0,0.0,0.0,0.0,0.0,0.0,0.0,0.0,0.0,0.0,0.0,0.0,0.0,0.0,0.005505369157130537,0.39493425503861695,0.5009392566737323,1.9071900192469027,0.15134842252526032,0.0,0.2876875978062461,0.0,0.0,0.18865133194883563,0.09605493214522225,0.0,0.0018003397149473214
0.0,0.0,0.0,0.0,0.0,0.0,0.0,0.0,0.002825025759612765,0.10311414459979301,0.050561773971397266,0.0,0.0,0.0,0.0,0.0,0.39882519828811636,0.0,0.24844206133067187,0.7781362457018792,0.08187384197416425,0.11262820770071502,0.0,0.0,0.0,0.0,0.0,0.0
0.0,0.0,0.0,0.0,0.0,0.0,0.0,0.0,0.0,0.008613355406476177,0.28271562923380983,0.0723177561847002,0.0,0.0,0.0,0.0,0.0,0.0,0.0,0.12113860176624393,1.4472758152313436,0.061448049056147265,0.13732251551146238,0.0,0.0,0.0,0.0,0.0
0.0,0.0,0.0,0.0,0.0,0.0,0.0,0.0,0.0,0.0,0.0,0.0,0.0,0.0,0.0,0.0,0.013519205416143322,0.0,0.45947146751147944,0.09186688587114172,0.031134479464246544,1.3525242517276987,0.0,0.0,0.0,0.3251704426512891,0.0,0.12567094978852317
0.0,0.0,0.0,0.0,0.0,0.0,0.0,0.0,0.0,0.0,0.01869805593041348,0.33299188365336924,0.0,0.0,0.0,0.0,0.0,0.0,0.0,0.0,0.18085449627543038,0.0,1.5774824527402047,0.0,0.0,0.0,0.0,0.0
0.0,0.0,0.0,0.0,0.0,0.0,0.0,0.0,0.0,0.0,0.0,0.0,0.0,0.0,0.2569506409000296,0.0,0.0,0.19332640265805653,0.0,0.0,0.0,0.0,0.0,1.4914546350018147,0.08948305515664497,0.0,0.0004796095080161176,0.0
0.0,0.0,0.0,0.0,0.0,0.0,0.0,0.0,0.0,0.0,0.0,0.0,0.0,0.0,0.004587558716339279,0.0,0.0,0.2636305375064017,0.21926077730146262,0.0,0.0,0.0,0.0,0.261763920460772,1.098760097916677,0.15592650211214612,0.03914988114824738,0.0
0.0,0.0,0.0,0.0,0.0,0.0,0.0,0.0,0.0,0.0,0.0,0.0,0.0,0.0,0.0,0.0,0.0,0.009943187168589286,0.23315634405960162,0.0,0.0,0.2790269176676908,0.0,0.0,0.30786762712320004,1.4904760811837185,0.15536819941259777,0.2412463473276844
0.0,0.0,0.0,0.0,0.0,0.0,0.0,0.0,0.0,0.0,0.0,0.0,0.0,0.0,0.0,0.0,0.0,0.0,0.0,0.0,0.0,0.0,0.0,0.007074262018503938,0.2124574736407121,0.24183572109217247,1.451128441401777,0.0
0.0,0.0,0.0,0.0,0.0,0.0,0.0,0.0,0.0,0.0,0.0,0.0,0.0,0.0,0.0,0.0,0.0,0.0,0.00846807020202277,0.0,0.0,0.16146708017257538,0.0,0.0,0.0,0.37547272464132014,0.0,1.272474944779986
