254,19,67,6,13,223,114,49,81,42,4,0,1,2,0,2,10,0,0,8,4,0,0,0,0,0,0,0
4,598,86,638,298,19,3,34,4,0,0,0,66,107,10,26,2,14,2,0,0,0,0,0,0,0,0,0
26,318,794,62,345,130,19,383,31,2,0,0,2,28,1,51,42,8,8,1,0,2,0,0,0,0,0,0
10,308,110,1423,151,31,5,31,4,0,0,0,567,347,167,15,3,63,2,0,0,0,0,26,23,5,0,0
9,379,256,262,728,73,15,140,20,2,0,0,22,188,17,125,21,71,30,1,0,2,0,1,6,13,0,3
214,23,273,10,52,1250,214,406,510,39,4,0,1,4,1,14,103,1,5,31,2,10,0,0,0,0,0,0
133,9,130,16,105,508,461,320,302,280,73,20,5,26,3,29,41,5,2,28,53,2,11,0,0,0,0,0
24,12,166,16,142,338,209,989,436,80,8,0,5,32,5,121,641,27,120,59,7,164,0,5,2,15,0,41
11,4,28,2,40,310,291,485,1071,413,185,92,6,30,17,112,481,66,81,263,85,99,33,6,13,20,0,13
17,0,3,0,5,114,633,141,683,1141,305,154,0,5,3,35,213,25,36,222,247,54,60,2,7,9,0,6
2,0,0,0,0,15,168,21,143,741,1493,462,0,0,0,5,47,4,9,116,414,35,542,0,1,3,0,5
0,0,0,0,0,0,15,0,18,191,791,1304,0,0,0,0,8,0,2,38,215,16,561,0,0,2,0,3
21,136,126,292,79,48,9,25,3,0,0,0,858,114,309,10,2,22,1,0,0,0,0,141,44,2,23,0
2,46,46,289,185,29,7,53,8,1,0,0,176,778,323,72,13,376,20,1,0,2,0,37,117,74,15,3
0,15,24,73,62,19,9,50,12,2,0,0,338,363,1151,61,18,209,10,1,0,1,0,385,348,21,145,1
3,4,10,6,45,34,67,94,84,38,3,0,6,54,33,139,156,124,212,25,3,54,0,12,23,81,4,98
1,1,17,1,19,41,79,228,249,267,305,141,1,21,24,146,826,173,357,210,111,400,69,19,53,106,12,81
0,8,7,39,34,29,53,67,147,86,11,0,39,216,218,152,276,693,269,97,15,98,0,103,216,346,44,72
0,3,5,2,19,4,13,34,34,127,156,36,1,28,31,134,243,310,610,102,142,242,42,27,141,378,42,239
1,0,6,0,2,24,61,38,282,200,67,148,0,1,1,20,279,29,106,320,98,235,47,2,12,40,3,41
1,0,0,0,0,5,61,7,80,394,322,168,0,0,0,3,68,6,33,189,607,140,400,0,4,20,1,39
0,0,4,0,3,10,9,43,79,55,40,48,0,3,5,39,485,86,422,214,42,881,26,6,57,295,28,379
0,0,0,0,0,0,5,0,6,89,557,623,0,0,0,0,6,0,4,43,381,42,1457,0,0,4,0,18
0,0,0,7,11,0,0,10,4,2,0,0,83,99,459,52,30,202,34,2,0,4,0,809,229,26,289,2
0,0,0,4,0,0,0,3,6,5,1,0,68,49,343,21,90,263,151,40,8,145,0,244,528,272,206,83
0,0,0,2,3,0,0,1,2,9,15,4,8,57,89,37,38,491,298,52,109,165,29,58,359,1045,169,277
0,0,0,0,0,0,0,0,0,0,0,0,5,1,48,1,2,16,22,1,1,33,0,425,182,120,1147,142
0,0,0,0,2,0,0,5,3,6,7,5,0,7,8,38,103,96,362,36,33,374,15,5,49,342,26,590
264,21,75,8,15,229,122,52,86,44,4,0,1,2,0,2,9,0,0,8,5,0,0,0,0,0,0,0
4,606,89,701,301,19,3,33,4,0,0,0,67,110,11,22,2,13,2,0,0,0,0,0,0,0,0,0
25,324,804,70,361,121,18,377,30,2,0,0,3,31,4,49,38,8,8,1,0,2,0,0,0,0,0,0
10,290,111,1467,150,30,5,31,4,0,0,0,579,359,181,15,3,64,2,0,0,0,0,29,26,7,0,0
9,379,260,288,739,69,14,136,19,2,0,0,24,201,20,117,19,72,30,1,0,2,0,1,7,15,0,4
216,24,289,12,56,1237,219,419,520,39,4,0,2,5,2,14,98,1,5,32,2,11,0,0,0,0,0,0
134,9,134,18,109,497,470,321,301,275,71,20,5,29,3,27,37,5,2,27,50,2,10,0,0,0,0,0
26,13,180,19,155,343,220,1027,448,79,8,0,6,37,7,119,613,29,124,60,6,173,0,1,3,17,0,43
11,1,29,2,43,311,303,501,1099,411,182,89,2,34,19,109,456,68,83,261,83,104,31,7,15,21,0,13
17,0,3,0,6,111,658,143,699,1166,307,153,0,5,4,34,202,26,37,226,249,57,57,2,8,10,0,6
2,0,0,0,0,14,167,20,142,748,1505,461,0,0,0,5,44,4,10,119,421,38,532,0,1,3,0,5
0,0,0,0,0,0,15,0,18,189,795,1321,0,0,0,0,8,0,2,39,220,18,562,0,0,8,0,5
22,137,132,306,80,48,9,25,3,0,0,0,855,115,313,9,2,21,1,0,0,0,0,145,45,2,23,0
2,45,47,303,182,27,6,51,7,1,0,0,177,781,325,64,11,349,18,1,0,2,0,37,117,72,14,3
0,13,22,72,60,16,8,47,11,1,0,0,335,364,1146,55,16,194,10,1,0,1,0,372,345,21,133,0
3,5,11,8,50,34,67,96,85,35,2,0,7,62,39,137,145,129,212,24,3,55,0,14,26,85,4,97
1,1,17,6,19,39,79,231,248,256,280,126,6,24,27,141,777,177,358,201,102,403,60,22,58,110,12,79
0,7,6,43,35,25,46,65,137,75,9,0,44,240,248,145,252,705,263,88,12,95,0,117,237,357,46,69
0,2,5,2,19,3,12,34,33,116,134,29,2,32,35,131,228,322,621,98,127,245,34,32,158,402,45,238
1,0,1,0,1,24,63,39,290,200,67,143,0,1,2,20,271,31,112,327,98,253,45,2,14,45,3,43
1,0,0,0,0,5,61,6,80,394,318,166,0,0,0,3,65,7,35,194,618,154,391,0,5,23,2,43
0,0,3,0,3,10,10,45,81,54,38,44,0,4,6,39,472,89,436,214,41,927,23,7,64,319,31,391
0,0,0,0,0,0,6,0,7,94,588,657,0,0,0,0,6,0,5,46,404,49,1504,0,0,5,0,21
0,0,0,6,10,0,0,8,3,7,0,0,75,94,456,44,25,191,32,2,0,4,0,816,239,27,283,2
0,0,0,3,1,0,0,2,5,4,1,0,64,47,351,17,71,243,136,32,6,130,0,255,551,270,203,78
0,0,0,2,2,0,0,2,1,7,12,3,9,58,96,33,33,480,281,45,87,157,21,63,381,1063,167,263
0,0,0,0,0,0,0,0,0,0,0,0,5,1,48,0,2,15,20,1,3,30,0,432,186,120,1137,133
0,0,0,0,2,0,0,5,3,6,6,4,0,8,9,37,98,98,369,36,31,385,13,5,52,353,25,585
266,21,72,8,15,221,115,50,82,41,4,0,1,1,0,1,8,0,0,8,4,0,0,0,0,0,0,0
4,623,89,694,291,19,3,32,4,0,0,0,61,95,8,20,2,11,1,0,0,0,0,0,0,0,0,0
25,337,796,74,367,118,17,376,28,2,0,0,3,29,4,47,34,8,7,1,0,1,0,0,0,0,0,0
12,296,114,1467,153,32,5,33,5,0,0,0,564,342,168,15,3,63,2,0,0,0,0,26,24,7,0,0
10,374,249,280,716,67,13,132,18,2,0,0,22,182,18,110,18,67,28,3,0,2,0,2,6,14,0,3
225,25,289,13,58,1234,215,426,520,39,4,0,1,5,2,13,94,1,5,32,2,11,0,0,0,0,0,0
148,10,138,19,114,523,489,335,312,292,75,22,5,27,3,27,36,5,2,28,52,2,11,0,0,0,0,0
27,14,183,20,159,349,221,1045,447,79,7,0,6,35,6,116,587,27,118,58,6,171,0,5,2,15,0,41
12,1,30,2,44,320,307,518,1122,422,188,92,2,32,18,108,442,65,79,263,83,104,33,6,13,19,0,13
17,0,3,0,5,110,653,142,696,1206,317,159,0,5,4,32,190,25,35,228,256,58,61,2,7,9,0,6
2,0,0,0,0,12,153,19,133,741,1517,467,0,0,0,4,40,4,9,116,423,38,560,0,4,3,0,5
0,0,0,0,0,0,13,0,16,179,771,1315,0,0,0,0,7,0,2,38,216,18,582,0,0,1,0,4
28,156,150,331,88,56,11,29,4,0,0,0,862,113,292,10,2,21,1,0,0,0,0,134,43,2,22,0
3,49,51,325,195,29,6,55,8,10,0,0,180,764,300,64,11,337,17,1,0,2,0,32,105,69,12,3
0,14,23,80,68,17,8,54,13,2,0,0,360,382,1129,61,17,203,11,2,0,2,0,352,331,22,126,1
3,5,11,9,53,35,66,99,85,34,2,0,8,61,37,137,139,124,201,23,2,53,0,13,23,77,3,91
1,1,16,1,19,39,77,235,246,253,271,121,0,22,25,139,745,167,338,196,98,392,59,20,51,98,10,73
0,7,6,47,38,24,42,69,139,73,8,0,48,249,246,153,256,716,264,89,11,98,0,114,224,346,43,68
0,2,4,2,20,3,11,36,34,118,129,27,2,32,35,138,233,326,631,101,125,253,33,31,148,389,42,238
1,0,1,0,1,24,62,40,292,203,68,146,0,2,2,19,264,30,109,334,100,259,48,2,13,42,3,42
1,0,0,0,0,5,60,6,78,397,322,172,0,0,0,3,61,7,34,194,636,157,417,0,5,22,2,43
0,0,4,0,3,10,10,48,86,57,39,44,0,4,5,39,475,84,425,221,41,945,24,6,57,295,27,379
0,0,0,0,0,0,6,0,6,92,595,675,0,0,0,0,5,0,4,44,401,47,1575,0,0,5,0,20
0,0,0,6,10,0,0,9,3,1,0,0,77,95,450,47,26,205,36,2,0,5,0,814,244,31,289,3
0,0,0,3,1,0,0,2,5,3,3,0,66,47,352,17,70,251,143,31,6,140,0,258,555,283,205,85
0,0,0,3,3,0,0,1,2,7,12,3,9,61,99,36,34,507,296,47,86,170,21,64,374,1077,159,275
0,0,0,0,0,0,0,0,0,0,0,0,4,1,47,1,2,16,22,1,3,33,0,428,184,127,1138,148
0,0,0,0,2,0,0,6,3,7,6,4,0,8,9,40,103,98,377,39,33,408,13,5,46,329,21,579
256,20,71,8,14,226,126,50,84,44,4,0,1,1,0,1,7,0,0,7,4,0,0,0,0,0,0,0
5,652,98,737,293,22,3,35,4,0,0,0,66,99,8,20,2,11,2,0,0,0,0,0,0,0,0,0
25,335,817,77,365,126,19,397,30,2,0,0,3,31,1,47,34,8,8,1,0,2,0,0,0,0,0,0
13,274,117,1428,146,37,7,36,6,0,0,0,599,352,183,16,3,69,2,0,0,0,0,29,27,8,0,0
10,365,259,287,710,75,15,145,21,2,0,0,24,198,20,118,19,77,33,1,0,2,0,1,8,18,0,5
207,22,274,12,53,1225,228,425,537,42,4,0,1,4,12,13,92,1,5,33,2,11,0,0,0,0,0,0
135,8,126,18,100,510,514,322,314,303,79,22,5,26,3,24,33,5,2,28,55,2,12,0,0,0,0,0
26,13,175,20,146,348,236,1031,455,82,7,0,6,35,6,111,565,27,119,60,6,174,0,1,3,16,0,42
11,0,27,2,39,315,324,506,1141,433,194,92,2,31,18,101,420,63,77,266,87,103,35,6,13,19,0,12
15,0,2,0,5,102,670,131,686,1239,327,160,0,4,3,29,175,24,34,230,271,57,64,2,7,9,0,6
2,0,0,0,0,10,146,16,124,736,1537,462,0,0,0,4,36,4,9,114,444,38,594,0,4,3,0,5
0,0,0,0,0,0,12,0,15,173,766,1304,0,0,0,0,6,0,2,37,223,19,617,0,0,2,0,5
30,147,152,316,83,62,14,31,4,0,0,0,873,111,296,10,2,22,2,0,0,0,0,139,45,3,24,0
2,45,51,308,180,31,7,57,8,0,0,0,181,743,299,62,11,334,18,1,0,2,0,33,107,73,13,3
0,11,21,73,62,17,9,55,13,2,0,0,364,375,1130,61,18,205,12,1,0,4,0,346,336,24,126,1
3,5,11,9,49,34,69,98,86,34,2,0,8,62,39,131,132,124,199,22,2,52,0,14,24,78,4,90
1,1,15,1,18,38,81,233,251,258,268,117,1,22,27,134,725,168,340,197,100,389,60,22,53,100,11,73
0,6,5,44,34,21,39,66,135,69,7,0,50,248,256,146,245,719,263,87,11,96,0,118,229,356,44,68
0,2,4,2,19,3,11,35,34,116,120,24,2,32,36,133,225,327,635,102,122,248,31,33,151,398,43,237
1,0,1,0,1,23,63,38,292,206,69,144,0,1,2,18,251,30,108,340,105,260,51,2,14,43,3,43
1,0,0,0,0,4,56,5,69,370,302,161,0,0,0,2,51,6,30,180,621,144,409,0,4,21,2,40
0,0,3,0,3,10,11,48,89,61,40,43,0,3,5,37,461,80,415,225,43,928,25,6,55,288,27,369
0,0,0,0,0,0,6,0,6,87,577,645,0,0,0,0,4,0,4,40,390,43,1563,0,0,4,0,19
0,0,0,5,9,0,0,9,3,1,0,0,73,89,450,44,26,209,39,2,0,6,0,839,261,36,312,3
0,0,0,3,1,0,0,2,4,3,1,0,62,43,349,16,64,244,142,29,5,137,0,261,571,297,211,90
0,0,0,3,3,0,0,1,2,7,11,2,9,61,103,34,33,509,294,46,83,166,19,66,377,1098,156,272
0,0,0,0,0,0,0,0,0,0,0,0,4,1,45,1,2,15,22,1,0,34,0,413,181,132,1123,154
0,0,0,0,4,0,0,6,3,7,7,4,0,8,9,39,102,97,379,41,34,409,13,5,44,321,19,565
261,24,79,10,16,231,127,50,83,42,4,0,1,2,0,1,6,0,0,6,3,0,0,0,0,0,0,0
5,652,92,688,268,20,3,30,4,0,0,0,58,81,7,16,2,9,1,0,0,0,0,0,0,0,0,0
25,372,837,83,387,122,18,380,28,2,0,0,3,30,2,44,31,7,7,1,0,2,0,0,0,0,0,0
14,287,120,1441,150,38,7,36,6,0,0,0,599,332,176,15,3,65,2,0,0,0,0,28,26,8,0,0
11,378,257,291,725,73,15,139,20,2,0,0,24,190,20,113,19,76,33,1,0,2,0,1,8,19,0,5
201,25,290,14,60,1219,226,430,540,42,5,0,1,5,2,13,92,1,5,33,2,12,0,0,0,0,0,0
134,9,133,19,109,518,524,324,320,311,82,23,5,26,3,24,33,5,2,28,53,2,12,0,0,0,0,0
26,14,181,22,157,341,231,1009,445,79,7,0,7,36,7,108,544,27,114,57,6,166,0,1,3,16,0,41
11,10,28,2,41,316,324,509,1152,432,193,89,3,31,19,99,412,62,74,262,80,99,33,7,13,18,0,12
14,0,2,0,5,96,650,124,669,1238,325,156,0,4,4,27,166,23,32,227,254,55,61,2,7,9,0,5
4,0,0,0,0,9,135,15,116,727,1543,454,0,0,0,3,34,4,9,112,420,38,579,0,8,3,0,6
0,0,0,0,0,0,11,0,14,169,774,1323,0,0,0,0,6,0,2,36,213,19,615,0,0,1,0,5
32,158,158,323,86,63,15,31,4,0,0,0,863,105,282,9,3,21,2,0,0,0,0,138,44,3,24,0
3,49,55,330,195,33,8,58,9,4,0,0,188,735,297,62,11,327,18,1,0,2,0,33,105,75,13,4
0,11,20,75,65,16,8,56,14,2,0,0,378,372,1121,61,18,202,12,1,0,1,0,344,330,25,121,1
3,6,11,10,54,34,67,98,85,32,2,0,9,65,42,130,128,124,192,21,2,49,0,16,24,77,3,87
1,6,16,1,20,39,81,241,257,258,261,110,1,24,30,138,737,174,340,195,92,381,55,26,55,102,11,72
0,6,5,45,35,19,34,64,129,63,6,0,53,250,263,143,238,712,254,82,9,91,0,123,229,354,43,66
0,2,4,3,21,3,10,36,35,113,111,21,2,35,40,139,230,338,641,102,108,242,27,37,156,407,44,234
1,0,1,0,2,23,64,38,298,208,70,142,0,4,2,18,252,31,108,346,100,261,50,3,15,45,4,43
2,0,0,0,0,4,59,5,70,384,315,167,0,0,0,2,50,6,30,184,607,145,407,0,5,22,2,41
0,0,4,0,3,11,12,52,97,65,41,43,0,4,5,38,481,79,409,233,41,912,23,7,53,281,26,355
0,0,0,0,0,0,6,0,5,87,591,656,0,0,0,0,4,0,3,38,361,39,1503,0,0,4,0,18
0,0,0,4,8,0,0,8,3,13,0,0,69,82,434,41,24,201,38,2,0,6,0,852,261,38,312,4
0,0,0,2,1,0,0,2,4,3,1,0,62,41,354,15,62,241,140,28,4,135,0,272,583,309,212,93
0,0,0,3,3,0,0,1,2,7,10,2,10,62,108,34,32,508,284,44,70,157,16,68,369,1074,144,257
0,0,0,0,0,0,0,0,0,0,0,0,4,1,46,1,2,16,23,2,0,36,0,423,182,137,1099,162
0,0,0,0,2,0,0,6,4,8,7,4,0,9,10,41,108,100,389,43,32,414,12,5,43,319,16,558
261,23,77,9,14,218,118,43,72,36,3,0,1,1,0,2,5,0,0,5,2,0,0,0,0,0,0,0
7,634,97,700,264,22,4,29,4,0,0,0,55,76,7,14,9,8,3,0,0,0,0,0,0,0,0,0
26,342,840,82,374,120,18,351,26,10,0,0,3,28,1,38,27,6,6,1,0,2,0,0,0,0,0,0
16,261,124,1407,147,41,9,36,6,0,0,0,584,321,166,14,3,58,2,0,0,0,0,26,24,7,0,0
12,345,263,290,728,77,16,139,21,2,0,0,25,195,21,113,19,76,34,9,0,3,0,2,8,19,0,6
200,25,288,15,59,1197,222,408,518,40,4,0,1,5,3,12,85,5,5,32,2,11,0,0,0,0,0,0
135,8,129,19,105,506,518,301,305,292,76,22,5,25,3,21,30,5,2,27,51,3,11,0,0,0,0,0
29,15,193,24,166,361,246,1018,456,78,7,0,8,39,8,109,551,28,117,58,6,171,0,4,3,16,0,44
12,1,30,2,44,329,339,506,1169,424,189,87,3,33,21,98,409,61,73,264,82,100,32,8,13,18,0,12
14,0,2,0,4,96,665,119,665,1229,321,155,0,4,4,26,161,22,31,229,263,56,59,3,7,9,0,6
1,0,0,0,0,8,133,13,112,707,1522,452,0,0,0,3,32,3,9,113,436,39,577,0,1,3,0,6
0,0,0,0,0,0,10,0,13,163,760,1335,0,0,0,0,5,0,2,37,217,20,612,0,0,1,0,6
36,151,166,323,88,69,16,31,5,0,0,0,855,104,275,9,3,20,2,0,0,0,0,136,44,3,25,0
3,48,60,337,201,37,9,61,10,1,0,0,191,749,295,61,12,317,19,5,0,2,0,32,107,76,13,4
0,10,20,74,65,16,9,56,15,5,0,0,382,378,1113,61,19,195,13,1,0,4,0,334,331,25,121,2
3,6,12,11,57,36,69,98,86,31,2,0,10,70,44,131,127,122,191,21,2,48,0,17,25,75,4,87
2,1,18,1,21,41,86,247,265,253,247,104,2,26,34,142,754,176,347,196,91,385,51,30,60,100,12,74
0,5,5,48,36,19,34,65,133,61,5,0,58,271,281,147,249,727,266,84,8,96,0,129,244,363,46,71
0,2,4,3,22,3,10,37,36,109,101,19,3,38,43,143,234,334,646,102,103,238,23,40,160,393,45,234
1,0,1,0,1,23,65,36,292,198,66,135,0,2,2,17,242,29,104,340,98,255,46,3,15,42,4,42
2,0,0,0,0,5,63,5,69,378,310,168,0,0,0,2,48,6,29,181,615,141,392,0,4,20,2,41
0,0,4,0,3,12,13,56,106,69,41,42,0,4,5,39,494,74,395,240,42,894,22,7,51,253,24,336
0,0,0,0,0,0,6,0,5,87,599,676,0,0,0,0,4,0,3,38,365,38,1472,0,0,4,0,17
0,0,0,4,8,0,0,7,3,1,0,0,66,80,418,39,24,192,39,2,0,6,0,844,269,40,326,5
0,0,0,3,1,0,0,2,4,3,10,0,59,40,343,14,59,224,138,27,4,134,0,261,578,301,207,97
0,0,0,3,3,0,0,2,2,7,9,2,11,69,116,35,34,515,292,45,67,160,14,70,377,1051,139,259
0,0,0,0,0,0,0,0,0,0,0,0,5,1,47,1,3,16,24,2,0,40,0,416,184,139,1092,177
0,0,0,0,2,0,0,7,4,8,6,4,0,10,10,43,112,99,395,45,33,420,11,5,42,297,15,552
261,29,86,12,16,236,122,48,75,35,3,0,1,2,0,1,5,0,0,5,2,0,0,0,0,0,0,0
7,652,96,691,258,22,4,29,4,0,0,0,53,73,6,13,1,7,1,0,0,0,0,0,0,0,0,0
23,349,811,81,374,116,16,344,24,1,0,0,3,27,1,35,23,6,5,3,0,1,0,0,0,0,0,0
16,252,118,1339,141,41,9,36,6,0,0,0,567,304,151,13,3,54,2,0,0,0,0,22,20,6,0,0
10,320,239,271,703,74,15,139,21,2,0,0,24,193,20,109,19,77,34,2,0,3,0,1,8,20,0,6
173,26,286,16,63,1164,212,427,515,38,4,0,2,6,2,12,83,1,4,29,2,10,0,0,0,0,0,0
113,8,122,19,106,482,489,305,301,286,75,22,6,26,3,21,29,5,2,24,50,2,11,0,0,0,0,0
25,15,184,25,170,342,231,1031,445,73,6,0,8,40,8,107,537,29,115,54,6,167,0,1,3,16,0,44
10,1,28,3,44,314,318,520,1157,407,182,84,3,35,22,96,399,63,70,247,79,97,32,8,13,18,0,12
12,0,2,0,4,91,640,120,670,1245,324,158,0,5,4,25,159,23,31,226,270,56,62,3,7,9,0,6
1,0,0,0,0,8,122,13,108,704,1536,460,0,0,0,3,31,4,9,108,444,39,610,0,9,4,0,6
0,0,0,0,0,0,9,0,12,150,725,1315,0,0,0,0,5,0,2,32,206,19,610,0,0,2,0,6
32,145,155,305,84,66,16,31,5,0,0,0,832,100,259,9,3,19,2,0,0,0,0,129,41,3,24,0
3,46,57,328,200,36,9,63,10,11,0,0,191,748,286,59,11,317,18,1,0,2,0,30,102,79,13,5
0,8,17,72,65,15,8,58,15,2,0,0,399,393,1124,63,20,205,13,1,0,1,0,329,326,27,124,2
3,6,12,12,60,36,67,103,88,29,2,0,11,76,48,134,129,131,192,20,2,48,0,17,25,79,4,90
1,1,19,1,24,42,87,276,282,259,245,103,2,31,40,155,801,202,367,195,91,397,52,35,65,109,14,78
0,5,4,47,36,17,31,67,132,58,5,0,60,287,290,148,253,765,267,80,8,96,0,130,242,378,47,73
0,3,4,3,24,3,10,40,38,106,93,17,3,42,46,149,238,352,638,96,94,227,21,41,156,391,46,226
3,0,0,0,0,24,65,38,303,201,67,136,0,1,3,17,246,31,104,334,99,257,48,3,15,43,4,43
3,0,0,0,0,5,65,5,70,390,321,177,0,0,0,2,46,6,27,175,624,136,407,0,5,21,2,40
0,0,5,0,4,13,14,63,116,72,43,43,0,5,5,40,513,75,381,236,42,859,22,6,46,237,23,312
0,0,0,0,0,0,6,0,5,82,578,665,0,0,0,0,3,0,2,32,336,32,1418,0,0,3,0,14
0,0,0,4,7,0,0,7,3,7,0,0,64,79,409,37,23,195,39,2,0,6,0,834,265,43,338,5
0,0,0,2,20,0,0,2,4,3,1,0,60,41,345,14,61,231,139,26,4,137,0,255,565,313,204,104
0,0,0,3,3,0,0,1,2,6,9,2,12,74,119,36,34,533,283,40,60,152,12,67,353,1024,125,246
0,0,0,0,0,0,0,0,0,0,0,0,5,1,48,5,3,17,25,17,1,42,0,416,181,148,1100,194
0,0,0,0,2,0,0,7,4,8,6,3,0,11,11,44,115,105,398,43,32,417,11,5,40,292,13,542
268,28,80,11,15,216,110,41,64,31,3,0,1,15,0,6,4,0,0,4,2,0,0,0,0,0,0,0
8,661,95,672,247,24,4,28,4,0,0,0,52,71,6,13,1,7,1,0,0,0,0,0,0,0,0,0
26,356,810,79,368,118,17,336,24,1,0,0,2,26,1,34,23,5,4,0,0,3,0,0,0,0,0,0
20,254,120,1307,139,44,10,36,7,0,0,0,564,304,154,13,4,52,2,0,0,0,0,21,19,6,0,0
11,287,218,245,652,72,16,134,21,2,0,0,23,192,21,109,21,80,35,1,0,3,0,1,8,20,0,6
192,27,296,17,68,1200,220,446,535,41,4,0,2,6,1,13,89,2,4,31,2,10,0,0,0,0,0,0
110,7,109,18,99,443,459,283,285,283,75,21,6,25,4,20,28,5,2,25,50,2,11,0,0,0,0,0
25,15,174,24,167,331,230,1014,445,76,6,0,8,42,9,112,573,31,119,57,6,175,0,2,3,17,0,48
9,4,25,2,42,291,299,494,1110,400,178,76,3,36,24,96,405,64,68,248,78,95,30,9,14,17,0,12
11,0,2,0,4,81,596,109,629,1239,321,145,0,5,5,24,157,23,30,229,277,55,59,3,7,9,0,6
13,0,0,0,0,6,106,10,94,672,1491,413,0,0,0,3,29,3,8,105,442,37,565,0,9,4,0,6
0,0,0,0,0,0,9,0,11,156,770,1327,0,0,0,0,5,0,2,34,218,19,613,0,0,1,0,6
33,135,144,278,80,64,17,30,5,0,0,0,787,97,262,9,3,19,1,0,0,0,0,131,41,3,26,0
3,41,51,287,179,35,9,59,10,0,0,0,175,709,283,57,12,308,18,1,0,2,0,30,102,79,14,5
0,7,14,61,58,13,8,52,14,1,0,0,367,372,1112,60,20,199,13,1,0,1,0,321,322,26,128,2
3,6,12,12,63,37,70,108,94,32,2,0,12,85,56,148,145,148,207,22,2,52,0,20,28,86,5,101
1,1,19,1,26,43,90,288,294,272,248,96,2,35,49,171,888,229,389,208,94,416,50,43,75,116,17,84
0,4,4,42,33,16,29,63,129,58,5,0,58,287,301,148,266,779,265,83,8,98,0,132,247,378,50,76
0,3,4,4,26,3,10,42,40,111,91,15,3,46,50,160,258,371,639,101,92,224,18,44,161,382,48,222
1,0,1,0,1,22,63,35,287,195,65,122,0,2,3,16,240,30,95,326,96,241,43,3,15,40,4,40
2,0,0,0,0,5,68,5,69,408,336,175,0,0,0,2,45,5,25,177,643,129,387,0,4,18,2,37
0,0,5,0,4,13,15,64,118,76,43,39,0,5,5,40,530,71,347,239,41,796,20,6,42,202,20,274
0,0,0,0,0,0,6,0,5,84,604,651,0,0,0,0,3,0,2,32,340,29,1352,0,0,3,0,12
0,0,0,3,7,0,0,7,3,7,0,0,57,72,393,34,22,185,37,2,0,6,0,815,261,43,355,6
0,0,0,2,1,0,0,2,5,3,1,0,56,39,344,14,63,226,136,28,4,140,0,246,554,304,204,108
0,0,0,3,3,0,0,1,2,7,8,2,12,77,128,37,36,556,281,42,58,151,10,67,353,995,121,243
0,0,0,0,0,0,0,0,0,0,0,0,4,2,49,1,3,17,26,2,3,46,0,412,181,148,1116,207
0,0,0,0,2,0,0,7,4,8,6,3,0,11,12,46,121,108,392,45,31,411,10,5,39,275,13,528
261,33,86,12,15,232,103,40,59,28,3,0,1,1,0,6,4,0,0,3,1,0,0,0,0,0,0,0
8,631,89,635,209,24,4,25,3,0,0,0,45,59,5,11,1,6,1,0,0,0,0,0,0,0,0,0
27,358,804,77,332,124,16,317,21,1,0,0,2,22,1,31,21,4,4,2,0,1,0,0,0,0,0,0
22,258,123,1303,125,49,11,36,7,0,0,0,529,264,135,12,3,44,2,0,0,0,0,18,16,5,0,0
12,291,225,258,641,84,17,144,23,3,0,0,23,190,21,119,23,81,36,1,0,3,0,2,9,21,0,7
171,28,293,18,64,1230,200,433,488,37,4,0,2,6,1,13,82,2,4,26,1,8,0,0,0,0,0,0
96,7,106,18,92,454,422,278,270,266,69,21,6,24,4,20,28,4,2,23,49,2,10,0,0,0,0,0
24,14,167,24,156,339,214,1000,425,72,5,0,8,41,9,115,580,31,117,53,6,167,0,2,3,17,0,48
9,1,25,3,40,296,271,486,1044,367,161,74,3,35,25,98,402,63,65,225,77,88,29,10,14,17,0,12
10,0,2,0,4,82,551,105,595,1189,303,147,0,4,5,25,156,22,29,215,285,53,59,3,8,9,0,6
1,0,0,0,0,6,99,10,89,645,1432,431,0,0,0,3,29,3,7,99,456,36,582,0,2,4,0,6
0,0,0,0,0,0,8,0,10,141,703,1340,0,0,0,0,4,0,2,29,207,17,588,0,0,1,0,6
32,132,141,277,73,69,17,30,5,0,0,0,755,89,245,9,3,17,2,0,0,0,0,124,39,3,26,0
3,40,50,284,164,38,10,60,10,1,0,0,168,652,270,58,13,296,18,2,0,3,0,30,102,84,15,6
0,6,13,57,51,12,7,50,13,3,0,0,346,334,1041,60,21,187,13,1,0,2,0,303,311,27,131,2
4,7,13,14,66,43,74,121,103,34,2,0,14,92,63,173,166,164,229,24,2,56,0,23,33,99,6,116
4,2,23,2,29,53,98,338,326,291,253,104,3,41,60,208,1032,264,434,215,103,437,53,54,90,134,22,93
0,4,4,47,34,18,31,72,144,64,5,0,64,305,327,172,312,845,293,89,9,107,0,142,272,429,57,87
0,4,5,5,29,4,11,50,45,120,92,16,4,52,55,191,299,395,675,104,97,222,18,46,168,397,51,224
1,0,1,0,1,26,64,37,286,192,64,126,0,2,3,17,243,30,90,305,96,221,43,4,16,40,5,39
2,0,0,0,0,6,69,5,67,402,327,186,0,0,0,2,44,5,22,161,643,112,381,0,4,16,2,32
0,0,5,0,4,16,15,71,124,79,42,40,0,5,5,43,556,66,322,227,41,711,19,6,37,178,18,237
0,0,0,0,0,0,6,0,4,80,572,673,0,0,0,0,3,0,2,28,327,24,1311,0,0,2,0,10
0,0,0,3,6,0,0,7,3,1,0,0,56,70,381,36,24,182,37,3,0,6,0,808,266,47,381,6
0,0,0,3,12,0,0,3,5,4,1,0,53,37,326,15,66,213,133,28,5,136,0,228,528,301,193,109
0,0,0,3,3,0,0,2,2,6,7,1,11,71,119,37,36,515,260,38,53,134,9,59,317,918,104,219
0,0,0,0,0,0,0,0,0,0,0,0,5,1,48,2,4,17,26,3,7,47,0,395,177,151,1109,216
0,0,0,0,3,0,0,8,4,8,5,3,0,12,13,50,128,110,395,43,31,393,9,5,39,272,12,515
268,34,89,14,17,234,100,39,55,25,2,0,1,2,0,1,3,0,0,3,1,0,0,0,0,0,0,0
9,583,83,635,208,23,4,23,3,0,0,0,44,55,4,11,1,6,1,0,0,0,0,0,0,0,0,0
30,372,849,85,377,137,17,328,22,2,0,0,2,23,1,35,22,5,4,0,0,1,0,0,0,0,0,0
22,223,109,1201,117,47,10,31,6,0,0,0,483,222,111,11,3,39,2,0,0,0,0,16,13,4,0,0
12,242,196,241,621,80,17,133,22,3,0,0,22,174,19,120,24,81,35,2,0,3,0,1,8,18,0,6
163,26,281,19,69,1195,190,416,448,33,3,0,2,6,1,13,82,2,4,22,2,7,0,0,0,0,0,0
84,6,95,19,96,423,389,263,249,244,64,18,6,24,4,21,28,5,2,21,46,2,10,0,0,0,0,0
21,12,148,23,160,317,204,954,402,67,5,0,8,41,9,126,627,34,123,52,6,164,0,2,4,16,0,50
7,0,22,3,42,274,248,465,968,333,147,64,4,36,26,107,428,71,67,214,73,85,28,12,15,16,0,12
9,0,3,0,4,73,503,96,541,1098,280,131,0,4,5,25,161,24,29,205,273,50,57,4,8,8,0,6
6,0,0,0,0,6,94,9,81,619,1407,408,0,0,0,3,30,4,8,96,451,34,583,0,2,4,0,7
0,0,0,0,0,0,8,0,9,134,697,1318,0,0,0,0,5,0,1,27,199,16,582,0,0,8,0,6
29,112,123,259,72,63,16,28,5,0,0,0,722,81,222,9,3,17,2,0,0,0,0,124,36,3,26,0
3,33,44,272,164,36,9,57,10,1,0,0,168,622,264,62,14,316,20,1,0,3,0,32,105,80,17,7
0,5,10,51,48,10,6,44,12,2,0,0,333,305,971,61,21,191,13,1,0,2,0,316,304,24,144,2
3,6,12,15,73,44,76,123,106,34,2,0,15,98,68,200,192,193,258,25,2,59,0,28,37,101,8,134
1,2,24,3,35,58,105,371,344,297,251,98,4,48,71,257,1225,329,499,223,104,451,52,72,106,138,30,105
0,4,4,52,40,20,35,77,158,70,6,0,71,330,352,205,381,998,336,100,10,117,0,166,299,437,69,101
0,4,6,6,38,5,13,59,52,132,96,15,5,61,61,244,375,477,770,115,100,228,18,54,179,385,59,237
2,0,3,0,1,27,65,36,275,182,60,114,0,1,3,18,253,31,87,286,89,198,40,5,16,33,6,36
2,0,0,0,0,7,77,5,69,426,349,195,0,0,0,2,48,5,22,164,664,106,394,0,4,14,2,31
0,0,6,0,5,16,16,75,127,79,42,37,0,5,5,49,615,69,316,222,40,644,18,6,34,143,17,211
0,0,0,0,0,0,6,0,4,72,542,623,0,0,0,0,3,0,3,24,299,19,1225,0,0,16,0,8
0,0,0,3,6,0,0,6,3,2,0,0,49,59,321,33,22,169,34,2,0,6,0,765,235,38,378,6
0,0,0,2,1,0,0,2,5,3,2,0,49,32,282,15,66,201,124,26,4,122,0,211,460,243,178,104
0,0,0,3,3,0,0,3,3,6,7,15,11,70,114,40,39,553,266,36,48,127,8,59,303,821,100,216
0,0,0,0,0,0,0,0,0,0,0,0,4,1,41,1,4,17,25,2,1,43,0,375,157,124,1064,207
0,0,0,0,3,0,0,7,4,7,5,3,0,11,12,53,131,114,389,39,27,351,8,6,36,230,12,484
276,32,94,13,16,233,96,39,52,23,2,0,1,1,0,1,4,0,0,2,1,0,0,0,0,0,0,0
11,591,93,631,211,26,5,25,4,0,0,0,46,62,5,13,2,8,1,0,0,0,0,0,0,0,0,0
40,408,1041,88,416,166,21,391,26,10,0,0,3,27,2,45,29,7,5,6,0,1,0,0,0,0,0,0
27,212,119,1095,110,51,12,32,6,0,0,0,471,227,109,12,4,44,2,0,0,0,0,15,12,4,0,0
12,199,185,200,547,78,18,129,22,3,0,0,20,173,19,130,27,91,40,2,0,3,0,7,7,18,0,6
162,23,284,17,65,1168,184,414,433,30,3,0,2,6,2,14,86,1,4,20,1,6,0,0,0,0,0,0
77,5,91,16,89,395,362,258,242,229,62,18,6,25,4,23,31,6,2,20,48,2,9,0,0,0,0,0
19,9,128,18,134,276,184,882,379,62,5,0,7,40,9,136,689,40,143,51,6,168,0,1,4,17,0,50
6,8,20,3,36,237,213,432,890,292,134,57,4,37,28,117,464,84,78,203,75,86,25,12,14,17,0,12
8,0,1,0,3,65,454,89,505,1020,270,125,0,5,5,28,175,29,34,200,298,52,54,5,8,9,0,6
1,0,0,0,0,5,86,8,74,571,1376,394,0,0,0,3,32,4,9,91,480,35,555,0,2,3,0,7
0,0,0,0,0,0,7,0,8,128,718,1366,0,0,0,0,5,0,2,26,215,16,573,0,0,1,0,6
29,95,120,222,66,62,16,28,5,0,0,0,684,82,220,10,4,20,2,0,0,0,0,116,32,3,24,0
3,25,39,216,138,33,9,55,10,1,0,0,151,608,261,67,16,368,23,1,0,3,0,31,99,89,17,8
0,3,8,39,39,9,5,40,11,2,0,0,290,286,919,64,23,214,15,1,0,3,0,289,277,26,139,2
3,5,11,13,66,42,75,124,110,34,2,0,15,104,73,232,230,245,326,26,3,67,0,28,38,118,8,152
2,2,26,2,35,59,108,390,356,291,249,94,4,53,80,306,1443,420,613,225,112,477,49,77,109,154,32,108
0,3,4,40,32,17,32,70,148,65,5,0,60,304,314,207,405,1058,360,95,10,114,0,138,247,416,58,95
0,4,6,5,34,5,13,58,52,123,89,14,5,60,56,266,412,519,829,109,99,212,15,44,144,349,46,204
2,0,1,0,1,27,65,36,271,171,59,111,0,2,3,19,272,34,94,271,91,188,35,4,14,32,5,32
2,0,0,0,0,6,74,5,64,391,336,188,0,0,0,2,48,5,21,148,672,93,351,0,3,12,2,25
0,0,6,0,5,16,15,74,123,73,39,33,0,5,5,53,664,74,329,207,40,588,15,5,27,124,13,171
0,0,0,0,0,0,5,0,3,66,526,601,0,0,0,0,3,0,2,22,306,18,1127,0,0,2,0,7
0,0,0,3,5,0,0,6,3,1,0,0,44,58,301,35,24,189,38,2,0,6,0,687,209,40,349,6
0,0,0,2,1,0,0,2,5,4,1,0,45,33,279,16,77,234,148,28,5,134,0,192,418,254,159,108
0,0,0,3,3,0,0,3,2,6,6,1,10,67,107,43,43,614,297,34,49,127,7,50,255,796,80,202
0,0,0,0,0,0,0,0,0,0,0,0,4,1,42,1,5,20,30,2,2,48,0,358,147,136,1020,222
0,0,0,0,2,0,0,6,4,6,4,2,0,10,11,54,132,122,408,34,25,319,6,5,29,210,9,421
264,31,107,11,14,218,83,34,43,17,2,0,2,2,0,13,4,0,0,4,12,0,0,0,0,0,0,0
12,628,114,631,202,28,5,25,4,0,0,0,46,62,5,14,2,7,1,0,0,0,0,0,0,0,0,0
43,416,1230,83,382,166,21,364,24,2,0,0,2,25,6,46,30,6,5,0,0,2,0,0,0,0,0,0
32,228,149,1065,103,55,13,31,6,0,0,0,449,215,98,13,4,39,2,0,0,0,0,13,11,4,0,0
13,198,217,191,510,81,19,125,22,3,0,0,19,169,17,140,29,86,38,2,0,3,0,1,7,18,0,6
162,24,343,16,61,1158,173,393,392,27,3,0,2,6,8,15,86,2,3,18,1,5,0,0,0,0,0,0
70,5,105,16,85,378,330,247,223,204,52,16,6,25,4,25,32,6,2,19,40,2,7,0,0,0,0,0
17,8,139,17,123,260,175,839,361,59,5,0,7,40,9,151,762,41,147,51,6,171,0,2,4,18,0,49
5,13,23,2,35,224,192,419,832,263,115,50,4,39,29,134,516,89,82,199,68,88,22,13,17,19,0,12
8,0,10,0,3,62,423,84,472,950,240,114,0,5,6,30,190,30,34,198,276,53,48,5,9,10,0,7
3,0,0,0,0,5,90,8,76,591,1385,408,0,0,0,3,36,4,9,96,484,36,545,0,2,4,0,7
0,0,0,0,0,0,8,0,9,131,716,1435,0,0,0,0,6,0,2,27,207,16,548,0,0,2,0,6
28,94,138,209,62,62,16,27,5,0,0,0,646,79,200,11,4,18,2,0,0,0,0,107,31,3,23,0
2,23,42,190,120,30,9,50,9,1,0,0,139,574,245,70,18,353,24,2,0,3,0,31,105,92,19,8
0,3,10,35,35,8,5,37,10,1,0,0,271,274,871,68,25,208,15,1,0,2,0,285,295,29,156,3
3,5,13,12,61,41,73,118,108,33,9,0,14,104,72,261,260,251,343,28,3,71,0,30,42,131,10,164
2,1,33,3,35,62,109,397,349,274,216,83,4,56,81,353,1602,428,621,216,97,463,41,80,119,159,36,105
0,3,5,38,30,18,32,69,149,66,5,0,57,300,292,228,454,1009,355,97,10,116,0,127,247,410,59,92
0,4,8,5,35,5,13,61,54,124,81,13,5,63,52,310,474,500,819,111,88,203,13,39,137,326,42,180
2,0,5,0,1,31,67,37,267,164,54,102,0,1,3,22,293,33,89,258,79,172,30,4,14,30,6,28
3,0,0,0,0,7,78,5,64,389,320,186,0,0,0,3,51,5,20,146,626,86,314,0,3,11,2,21
0,0,8,0,5,16,15,76,122,70,34,30,0,6,5,60,734,70,311,199,35,539,13,4,25,109,12,142
0,0,0,0,0,0,6,0,4,68,524,622,0,0,0,0,3,0,3,23,298,18,1084,0,0,4,0,7
0,0,0,3,6,0,0,6,3,1,0,0,41,57,279,39,27,182,38,2,0,6,0,650,214,42,364,6
0,0,0,2,1,0,0,2,5,4,1,0,42,32,257,18,86,220,146,30,6,135,0,176,413,248,151,105
0,0,0,3,2,0,0,9,3,5,6,2,9,64,96,46,47,584,291,34,43,124,6,44,248,776,72,190
0,0,0,0,0,0,0,0,0,0,0,0,3,1,36,7,5,18,28,3,1,46,0,318,140,128,978,205
0,0,0,0,7,0,0,6,4,5,3,9,0,11,11,57,138,117,397,32,21,299,5,5,29,201,9,385
253,39,125,13,16,228,78,36,43,17,2,0,1,1,0,1,3,0,0,2,1,0,0,0,0,0,0,0
11,604,109,583,179,25,4,22,3,0,0,0,38,52,4,13,2,6,6,0,0,0,0,0,0,0,0,0
39,428,1259,79,366,161,19,343,22,2,0,0,2,21,3,43,27,5,4,7,0,2,0,0,0,0,0,0
33,242,160,1047,99,56,12,30,6,0,0,0,403,187,87,12,4,34,4,0,0,0,0,12,9,4,0,0
12,201,223,188,493,81,18,121,21,3,0,0,18,152,15,135,28,77,34,2,0,3,0,1,5,14,0,5
141,25,349,15,58,1096,148,365,343,22,3,0,3,5,7,14,74,2,3,14,1,4,0,0,0,0,0,0
63,6,120,18,94,399,313,268,227,194,53,15,6,26,4,27,33,6,3,18,38,2,7,0,0,0,0,0
14,8,133,16,117,241,156,809,344,55,5,0,6,37,9,154,762,40,143,50,6,168,0,3,4,16,0,46
5,1,23,2,36,214,167,424,796,238,114,50,4,40,32,146,536,96,86,194,67,93,24,15,18,19,0,13
7,0,2,0,3,64,394,87,464,908,251,120,0,5,6,33,197,32,36,198,281,56,52,6,10,10,0,7
1,0,0,0,0,5,82,7,70,543,1421,422,0,0,0,3,34,4,9,88,458,34,557,0,2,4,0,6
0,0,0,0,0,0,6,0,7,110,691,1429,0,0,0,0,5,0,2,22,180,13,523,0,0,13,0,4
27,105,156,225,67,66,16,29,5,0,0,0,642,78,197,12,4,18,2,0,0,0,0,104,28,3,21,0
2,22,41,181,115,29,8,49,9,1,0,0,129,536,242,72,18,347,24,1,0,4,0,31,104,92,18,8
0,3,9,34,34,8,5,37,10,1,0,0,252,256,850,71,26,206,16,1,0,2,0,285,296,29,158,3
3,5,13,12,59,40,68,116,106,32,5,0,14,99,72,269,266,254,352,28,3,75,0,31,43,135,10,174
2,2,38,3,37,67,108,420,352,260,218,82,4,55,81,378,1643,429,617,205,91,447,40,81,117,154,35,99
0,4,5,41,32,19,34,75,161,70,7,0,57,300,291,248,496,1016,364,104,11,123,0,122,238,401,54,92
0,5,8,6,37,6,13,66,58,123,85,13,5,62,49,335,502,480,801,111,86,196,13,34,119,287,33,158
2,0,2,0,3,34,67,39,269,155,56,105,0,1,3,23,291,32,81,241,74,156,29,4,13,25,5,23
3,0,0,0,0,8,78,5,64,381,346,205,0,0,0,3,51,5,19,140,614,79,328,0,3,9,1,17
0,0,9,0,6,17,13,81,120,64,34,28,0,6,5,64,736,65,287,186,32,488,12,4,21,90,9,115
0,0,0,0,0,0,5,0,3,58,505,610,0,0,0,0,3,0,2,19,264,15,1041,0,0,1,0,5
0,0,0,3,6,0,0,7,3,2,0,0,40,56,268,41,28,178,38,3,0,6,0,621,205,40,335,6
0,0,0,3,1,0,0,3,6,5,7,0,40,30,249,19,88,213,145,30,6,140,0,166,391,237,131,103
0,0,0,3,3,0,0,2,3,5,7,14,8,61,93,49,49,583,296,34,43,129,6,41,235,760,61,187
0,0,0,0,0,0,0,0,0,0,0,0,3,2,36,3,6,19,29,3,2,49,0,316,138,128,928,209
0,0,0,0,3,0,0,6,3,5,3,2,0,10,10,62,140,117,396,30,19,292,4,4,28,192,8,364
245,32,119,11,14,200,72,31,37,14,2,0,3,20,0,6,3,0,0,14,4,0,0,0,0,0,0,0
13,595,117,611,185,26,5,22,4,0,0,0,44,54,5,14,4,7,1,0,0,0,0,0,0,0,0,0
43,382,1228,73,343,147,21,313,21,4,0,0,2,20,5,40,25,5,5,2,0,1,0,0,0,0,0,0
40,227,166,1005,94,56,14,28,6,0,0,0,424,176,83,12,4,32,4,0,0,0,0,11,9,3,0,0
14,188,230,186,490,80,20,118,22,3,0,0,18,151,15,131,26,76,32,15,0,3,0,5,5,14,0,5
149,22,357,14,56,1041,156,349,330,21,11,0,1,5,6,13,66,1,3,12,5,4,0,0,0,0,0,0
59,6,118,17,93,362,309,254,214,180,46,13,7,25,5,26,30,6,5,15,34,9,6,0,0,0,0,0
15,7,131,15,118,229,175,810,366,61,6,0,7,38,10,164,798,44,148,52,7,171,0,2,4,17,0,46
4,13,22,2,35,187,162,401,766,228,107,44,4,40,34,150,531,106,88,188,68,91,22,15,20,21,0,13
7,0,2,0,4,56,384,79,429,858,230,106,0,5,7,32,181,33,34,183,276,50,47,7,10,10,0,7
2,0,0,0,0,5,85,7,66,532,1383,390,0,0,0,3,30,4,8,79,454,30,515,0,2,3,0,6
0,0,0,0,0,0,7,0,7,115,723,1446,0,0,0,0,5,0,2,21,188,12,519,0,0,1,0,4
28,93,153,212,64,62,17,28,5,0,0,0,660,73,182,11,4,16,2,0,0,0,0,91,25,3,18,0
2,17,37,158,102,25,8,45,9,1,0,0,130,501,236,66,18,344,23,2,0,4,0,30,102,91,18,8
0,2,9,31,32,7,5,34,10,1,0,0,254,239,824,67,24,205,16,4,0,3,0,273,293,30,162,3
3,5,13,12,58,37,75,112,110,35,10,0,15,100,76,275,271,278,364,28,3,77,0,32,47,152,11,191
3,2,42,3,39,69,124,430,369,273,218,78,4,56,83,391,1654,450,602,199,92,417,37,78,118,156,35,95
0,3,5,40,32,19,39,75,171,78,8,0,61,299,286,247,501,1023,348,107,12,118,0,111,224,388,49,88
0,4,9,6,40,6,16,71,65,139,91,13,5,65,49,360,534,500,796,118,93,188,13,30,110,274,28,146
2,0,3,0,2,36,75,40,272,156,54,97,0,2,4,23,275,31,73,223,71,131,26,4,12,23,4,19
4,0,0,0,0,8,86,5,64,392,348,200,0,0,0,2,48,5,17,132,628,68,307,0,3,8,9,14
0,0,10,0,6,17,15,87,129,69,34,27,0,6,5,69,771,69,282,187,34,459,11,4,20,87,8,103
0,0,0,0,0,0,6,0,3,59,507,587,0,0,0,0,3,0,3,18,270,14,1004,0,0,1,0,4
0,0,0,4,7,0,0,8,4,1,0,0,45,59,281,44,30,195,40,4,0,7,0,630,215,45,347,7
0,0,0,2,1,0,0,3,6,5,2,0,43,30,252,19,90,220,143,30,7,139,0,160,387,241,124,104
0,0,0,3,3,0,0,2,2,6,7,1,8,59,92,48,50,597,289,34,46,127,6,38,227,763,55,186
0,0,0,0,0,0,0,0,0,0,0,0,3,1,36,8,6,19,30,5,2,48,0,309,138,132,931,212
0,0,0,0,3,0,0,6,4,5,3,2,0,10,11,65,143,127,405,29,20,286,4,5,28,202,7,367
239,36,127,12,15,206,71,34,37,13,1,0,4,1,0,1,3,0,0,2,10,0,0,0,0,0,0,0
13,631,115,613,187,26,5,23,4,0,0,0,43,53,5,14,6,7,2,0,0,0,0,0,0,0,0,0
38,369,1102,65,320,132,18,290,19,1,0,0,2,18,1,38,22,5,4,1,0,1,0,0,0,0,0,0
42,245,169,990,95,57,14,29,6,0,0,0,413,164,80,11,4,30,2,0,0,0,0,11,9,3,0,0
15,202,231,188,505,82,21,123,21,3,0,0,18,146,15,136,26,74,31,16,0,4,0,2,5,14,0,5
143,24,358,14,57,1026,148,360,311,18,2,0,7,5,6,13,63,1,4,12,5,4,0,0,0,0,0,0
55,6,122,18,102,367,290,278,209,162,42,13,7,26,5,28,30,6,4,14,31,7,5,0,0,0,0,0
13,7,117,14,116,210,162,813,347,57,5,0,7,36,9,171,786,43,150,51,8,175,0,2,4,17,0,47
4,2,21,2,36,175,145,422,739,206,101,44,4,41,37,168,555,117,98,187,69,102,23,19,23,25,0,16
7,0,3,0,4,58,375,86,430,823,226,108,0,6,8,36,190,37,38,185,288,57,48,8,13,12,0,8
1,0,0,0,0,5,82,7,63,505,1363,406,0,0,0,3,29,4,8,76,457,30,514,0,2,4,0,6
0,0,0,0,0,0,7,0,7,99,671,1450,0,0,0,0,4,0,8,19,174,11,488,0,0,1,0,4
26,97,149,207,65,60,16,29,5,0,0,0,633,67,169,11,4,15,10,0,0,0,0,93,23,3,17,0
2,17,34,153,102,23,7,46,9,1,0,0,130,485,245,71,18,352,23,1,0,4,0,34,109,96,19,9
0,3,9,30,33,7,5,36,10,1,0,0,250,231,834,73,25,211,17,2,0,3,0,314,318,33,187,4
3,5,11,10,53,33,67,107,101,31,2,0,13,90,73,271,257,269,366,27,4,81,0,35,48,155,12,208
3,3,44,3,41,71,125,467,371,260,211,78,4,54,81,418,1671,447,616,189,89,420,35,83,118,154,35,98
0,4,6,41,34,19,40,82,179,81,8,0,61,299,287,271,532,1039,368,114,13,130,0,119,226,391,50,94
0,5,10,6,43,7,16,78,69,141,94,15,5,65,48,402,573,503,841,123,98,200,13,29,103,263,25,148
3,0,3,0,2,39,75,45,276,147,53,96,0,2,4,25,277,31,71,211,67,127,24,5,11,22,4,18
4,0,0,0,0,9,86,6,64,376,344,209,0,0,0,3,47,5,17,128,630,67,301,0,3,8,1,14
0,0,11,0,7,17,14,94,125,62,31,25,0,6,5,75,779,67,282,177,32,451,11,4,19,79,7,96
0,0,0,0,0,0,6,0,3,53,501,615,0,0,0,0,2,0,2,17,272,13,1016,0,0,6,0,4
0,0,0,3,7,0,0,8,4,22,0,0,40,54,260,45,29,185,39,2,0,6,0,645,208,44,343,7
0,0,0,2,1,0,0,3,6,5,2,0,40,28,244,20,89,213,146,30,8,147,0,171,387,240,123,111
0,0,0,2,2,0,0,2,2,5,7,8,8,54,88,50,49,586,298,33,47,135,7,39,223,772,52,199
0,0,0,0,0,0,0,0,0,0,0,0,3,2,34,2,6,19,30,4,2,52,0,331,139,133,957,227
0,0,0,0,3,0,0,6,4,4,3,2,0,10,10,63,131,118,394,26,18,275,4,4,26,190,7,365
242,42,125,12,17,204,69,34,37,13,1,0,0,2,0,1,4,0,0,1,1,0,0,0,0,0,0,0
11,593,91,551,163,20,5,17,4,0,0,0,35,45,5,11,3,7,12,0,0,0,0,0,0,0,0,0
33,364,930,59,297,112,15,241,15,1,0,0,6,15,16,32,18,4,3,10,0,3,0,0,0,0,0,0
44,269,160,1001,94,55,14,27,6,0,0,0,399,158,81,11,4,30,3,0,0,0,0,11,9,4,0,0
16,227,221,198,524,81,21,115,21,4,0,0,18,148,16,129,25,76,31,5,0,3,0,1,6,14,0,5
146,26,346,14,60,1001,144,344,298,18,3,0,13,5,1,13,60,2,2,11,1,4,0,0,0,0,0,0
58,8,133,21,122,399,301,301,222,164,41,11,7,29,5,31,31,7,3,15,30,2,6,0,0,0,0,0
14,8,113,15,128,212,170,825,365,62,6,0,7,40,11,180,827,49,168,54,8,184,0,3,5,18,0,47
4,3,20,3,38,170,139,422,745,206,98,40,5,45,43,179,588,137,115,194,71,110,24,21,26,28,0,17
8,0,3,0,5,59,372,87,433,825,220,102,0,6,10,38,195,43,42,189,291,59,49,10,15,14,0,9
2,0,0,0,0,6,82,7,63,513,1370,396,0,0,0,4,29,5,8,75,458,29,527,0,2,4,0,6
0,0,0,0,0,0,6,0,6,99,668,1431,0,0,0,0,4,0,23,17,172,10,502,0,0,2,0,3
27,112,149,223,70,61,16,28,6,0,0,0,636,69,174,11,4,16,2,0,0,0,0,91,23,2,17,0
1,19,33,164,110,23,8,46,10,1,0,0,137,523,278,73,19,389,25,7,0,5,0,36,118,105,21,10
0,3,8,29,32,7,5,33,10,1,0,0,241,228,867,71,25,221,17,20,0,2,0,312,327,35,201,4
4,5,10,10,51,30,63,95,96,31,2,0,12,87,76,253,244,277,375,27,4,80,0,34,49,160,13,205
4,4,46,4,45,76,135,481,392,274,215,76,5,57,85,428,1721,476,657,191,90,418,36,80,118,158,36,95
0,5,6,42,34,18,38,77,177,83,9,0,59,297,290,257,520,1041,370,113,14,127,0,108,212,374,45,86
0,6,9,7,43,7,15,74,68,140,90,13,5,64,46,385,559,492,838,121,95,187,13,25,90,239,20,128
4,0,4,0,7,43,78,47,286,148,51,89,0,3,4,26,280,33,73,206,64,119,23,5,11,21,4,15
5,0,0,0,0,10,91,6,67,399,356,212,0,0,0,4,49,6,17,132,654,67,314,0,3,8,22,12
0,0,11,0,8,17,14,94,125,61,29,21,0,7,6,76,794,70,295,174,31,435,10,4,18,76,6,86
0,0,0,0,0,0,6,0,4,53,489,588,0,0,0,0,3,0,2,16,269,13,1033,0,0,1,0,4
0,0,0,4,8,0,0,9,5,1,0,0,40,58,279,46,30,203,44,3,0,8,0,655,220,49,368,9
0,0,0,9,12,0,0,4,7,6,3,0,38,28,259,19,88,224,156,30,8,151,0,170,400,252,124,111
0,0,0,3,4,0,0,2,3,6,7,2,7,54,91,48,49,617,319,34,48,139,7,38,225,808,50,200
0,0,0,0,0,0,0,0,0,0,0,0,4,2,35,2,6,20,30,2,3,52,0,327,141,140,999,225
0,0,0,0,6,0,0,6,4,5,4,13,0,9,10,61,129,124,426,25,16,277,4,5,25,199,6,365
248,37,118,12,19,209,79,39,41,14,2,0,1,2,0,2,4,0,0,2,1,0,0,0,0,0,0,0
12,559,87,592,180,22,6,20,4,0,0,0,43,58,6,12,3,9,2,0,0,0,0,0,0,0,0,0
31,309,792,56,297,104,16,247,15,20,0,0,2,17,17,32,18,5,4,2,0,15,0,0,0,0,0,0
48,244,147,1010,98,56,17,29,7,0,0,0,441,185,94,11,5,32,2,0,0,0,0,14,11,5,0,0
17,210,205,207,559,83,25,127,23,4,0,0,21,181,18,137,27,85,33,23,0,4,0,2,7,16,0,6
154,23,327,14,67,1025,169,392,332,20,3,0,2,6,14,14,67,2,4,12,1,5,0,0,0,0,0,0
54,7,117,19,125,380,313,319,225,155,35,10,8,33,6,30,31,8,3,14,28,2,5,0,0,0,0,0
13,7,93,14,126,194,184,843,373,63,7,0,8,45,12,180,846,50,165,56,9,185,0,4,6,19,0,49
5,7,16,5,37,154,144,441,765,203,92,37,6,51,47,185,628,148,120,200,73,117,22,23,30,32,0,19
8,0,4,0,6,55,388,90,438,807,201,91,0,8,11,39,202,46,43,191,293,61,43,12,17,16,0,10
6,0,0,0,0,6,94,9,68,558,1423,401,0,0,0,5,31,6,9,82,506,30,525,0,4,5,0,7
0,0,0,0,0,0,8,0,8,105,693,1471,0,0,0,0,6,0,2,19,190,11,506,0,0,2,0,5
27,100,134,221,73,60,18,30,7,0,0,0,670,78,187,11,5,16,3,0,0,0,0,102,24,4,20,0
2,14,26,149,105,21,9,47,10,1,0,0,139,563,292,69,18,380,24,2,0,5,0,40,126,108,23,10
0,5,7,25,30,7,6,32,10,2,0,0,228,237,875,67,25,215,17,2,0,4,0,333,347,38,218,6
4,5,8,9,48,27,66,94,97,31,3,0,12,95,80,244,245,281,363,27,5,80,0,38,53,173,15,216
5,5,40,4,45,74,152,509,413,283,210,73,5,62,87,427,1784,475,634,193,91,411,33,82,123,164,37,96
0,5,5,36,31,16,38,73,171,80,9,0,57,309,287,237,509,985,337,112,14,122,0,107,210,367,44,83
0,6,8,7,42,7,16,75,70,142,87,13,6,70,46,382,582,487,810,126,99,187,12,24,89,239,19,126
4,0,5,0,4,43,86,51,301,147,48,80,0,4,5,27,291,34,71,205,63,114,20,6,12,21,5,15
7,0,0,0,0,11,100,8,70,405,340,200,0,0,0,5,51,7,18,136,669,66,284,0,4,9,2,13
0,0,10,0,9,16,15,102,131,61,27,19,0,9,6,80,857,72,296,180,31,443,10,5,19,79,7,86
0,0,0,0,0,0,7,0,4,58,521,615,0,0,0,0,4,0,3,18,309,14,1075,0,0,2,0,5
0,0,0,4,8,0,0,9,5,3,0,0,39,61,281,44,30,200,43,5,0,8,0,702,235,54,398,10
0,0,0,5,2,0,0,4,7,6,3,0,37,29,263,18,85,216,148,31,9,150,0,184,425,264,131,116
0,0,0,5,4,0,0,7,5,6,7,1,7,53,88,42,46,584,293,32,47,134,7,38,228,831,49,203
0,0,0,0,0,0,0,0,0,0,0,0,3,2,33,2,7,18,28,4,3,49,0,328,140,138,1007,219
0,0,0,0,4,0,0,7,5,5,4,1,0,11,11,62,136,131,442,27,17,295,4,6,29,227,8,414
259,40,114,13,21,236,87,44,49,16,2,0,6,3,0,2,5,0,0,2,1,0,0,0,0,0,0,0
14,586,82,637,200,25,6,22,5,0,0,0,46,64,8,14,3,10,1,0,0,0,0,0,0,0,0,0
33,318,730,59,329,112,18,264,17,7,0,0,2,19,5,36,21,6,5,6,0,4,0,0,0,0,0,0
55,252,139,1034,106,64,19,32,8,0,0,0,465,193,104,13,5,33,3,0,0,0,0,16,12,5,0,0
19,208,179,206,570,89,26,128,25,5,0,0,21,183,20,142,29,86,35,2,0,4,0,2,7,16,0,7
148,23,286,14,69,1058,169,402,351,20,4,0,13,7,2,14,71,15,4,12,2,6,0,0,0,0,0,0
55,8,108,20,135,410,317,340,243,161,41,11,7,33,7,33,34,8,3,15,30,2,6,0,0,0,0,0
13,7,79,14,128,197,187,834,388,68,8,0,7,45,13,186,870,49,167,58,11,193,0,3,5,18,0,51
4,2,14,2,36,151,137,428,772,206,109,43,5,48,46,187,644,143,121,202,78,122,27,23,29,30,0,20
8,0,4,0,6,57,371,91,447,822,230,104,0,8,12,40,210,46,45,194,310,65,51,13,18,15,0,11
5,0,0,0,0,6,79,8,60,496,1443,405,0,0,0,4,28,5,8,72,468,28,543,0,4,5,0,6
0,0,0,0,0,0,6,0,6,86,678,1459,0,0,0,0,4,0,2,16,168,10,514,0,0,16,0,4
31,109,130,235,83,68,20,34,7,0,0,0,699,82,198,13,6,16,3,0,0,0,0,113,26,6,21,0
2,15,25,154,113,24,9,51,11,13,0,0,143,584,309,74,20,386,25,20,0,5,0,43,131,107,22,10
0,3,6,24,31,7,6,34,11,2,0,0,217,230,878,71,28,215,19,2,0,4,0,344,354,38,209,6
4,5,7,9,49,28,67,93,104,33,4,0,11,93,80,248,254,273,364,29,5,84,0,39,53,166,14,222
5,4,34,4,43,73,149,489,420,294,252,88,5,56,77,413,1772,426,602,190,96,404,40,73,109,144,30,93
0,4,4,34,30,16,36,70,174,84,10,0,52,290,274,233,520,927,333,116,16,129,0,102,197,340,38,85
0,5,6,6,40,6,15,70,71,144,102,15,5,63,42,370,582,439,779,127,106,187,15,22,78,208,15,121
4,0,4,0,4,46,85,53,310,148,56,90,0,5,4,27,296,31,69,201,64,112,23,5,11,18,4,14
7,0,0,0,0,11,91,8,68,382,362,214,0,0,0,5,49,7,16,126,650,61,305,0,4,8,2,12
0,0,9,0,9,16,14,98,131,60,30,21,0,8,6,79,867,66,288,178,33,443,11,4,17,68,6,82
0,0,0,0,0,0,6,0,5,47,520,614,0,0,0,0,5,0,21,15,281,12,1113,0,0,12,0,5
0,0,0,5,9,0,0,9,6,17,0,0,35,59,277,46,32,200,46,5,0,9,0,727,244,56,391,11
0,0,0,4,2,0,0,4,8,7,3,0,35,28,271,20,93,218,160,34,11,171,0,199,451,277,131,135
0,0,0,2,3,0,0,3,3,7,9,2,7,50,87,43,49,567,302,34,53,148,9,39,228,831,45,223
0,0,0,0,0,0,0,0,0,0,0,0,25,15,33,1,7,18,29,5,5,55,0,350,146,143,1016,251
0,0,0,0,3,0,0,7,5,6,4,2,0,10,11,63,141,126,458,28,19,319,5,5,29,225,7,455
265,41,114,14,21,232,85,44,48,16,1,0,19,3,0,3,5,0,0,2,1,0,0,0,0,0,0,0
15,612,80,682,192,24,7,22,5,0,0,0,54,72,9,15,3,11,3,0,0,0,0,0,0,0,0,0
36,350,741,66,339,111,18,268,17,1,0,0,2,23,6,39,21,7,5,2,0,17,0,0,0,0,0,0
56,247,128,1016,95,59,18,29,8,0,0,0,492,195,108,12,6,33,3,0,0,0,0,18,14,6,0,0
22,228,181,227,568,88,27,126,24,5,0,0,25,208,23,147,29,93,36,3,0,5,0,2,10,19,0,8
162,26,302,16,73,1074,176,423,354,23,5,0,6,8,9,17,75,4,4,14,1,7,0,0,0,0,0,0
60,9,114,21,139,426,322,356,242,153,33,10,9,38,8,35,35,9,4,15,25,3,6,0,0,0,0,0
15,9,82,16,130,200,197,839,379,68,8,0,9,52,14,194,849,52,165,56,10,189,0,5,7,20,0,54
5,2,15,2,37,155,143,445,776,203,94,37,5,54,50,200,652,149,123,199,69,122,23,26,33,32,0,22
10,0,5,0,7,62,400,101,475,841,203,89,0,10,14,47,229,54,50,205,288,71,44,16,23,19,0,13
12,0,0,0,0,7,93,9,70,566,1442,395,0,0,0,5,33,6,10,84,489,33,539,0,4,5,0,8
0,0,0,0,0,0,8,0,8,99,673,1443,0,0,0,0,6,0,3,19,174,11,514,0,0,19,0,5
33,114,126,239,77,65,20,33,8,0,0,0,733,84,198,13,6,16,4,0,0,0,0,124,28,4,24,0
4,18,26,166,111,25,10,51,11,2,0,0,161,614,320,73,20,366,24,2,0,6,0,48,140,104,26,11
0,3,6,22,27,7,6,30,10,3,0,0,220,227,868,67,26,203,18,9,0,5,0,359,368,38,222,7
5,5,7,10,44,25,63,85,94,31,3,0,12,94,79,230,224,251,317,26,5,73,0,40,53,151,14,203
5,4,33,5,40,69,144,463,390,273,207,72,5,57,76,399,1647,402,551,172,80,367,32,74,110,136,31,91
0,3,5,33,26,14,32,63,155,76,9,0,55,293,279,218,475,882,307,106,14,121,0,108,207,329,41,85
0,6,7,7,37,7,15,67,68,138,86,14,6,69,44,376,571,441,765,125,93,184,13,23,83,209,16,126
6,0,6,0,6,52,93,59,332,153,49,77,0,5,6,31,320,36,74,209,58,117,20,6,14,21,6,16
9,0,0,0,0,15,108,10,78,427,348,202,0,0,0,6,58,8,20,144,656,71,286,0,6,10,3,15
0,0,10,0,10,16,14,103,131,60,25,18,0,10,7,86,906,70,299,180,30,458,10,5,19,73,7,89
0,0,0,0,0,0,8,0,5,60,536,621,0,0,0,0,5,0,3,20,306,15,1150,0,0,2,0,6
0,0,0,5,8,0,0,8,5,3,0,0,32,52,237,38,26,168,39,4,0,9,0,683,233,52,398,12
0,0,0,23,11,0,0,7,7,7,3,0,34,27,262,17,79,198,142,30,9,155,0,211,477,270,144,136
0,0,0,3,3,0,0,4,4,7,8,2,8,52,90,41,46,563,291,32,45,145,8,43,256,875,51,242
0,0,0,0,0,0,0,0,0,0,0,0,4,2,30,3,7,17,26,4,4,48,0,338,141,130,1037,232
0,0,0,0,8,0,0,7,4,5,24,4,0,11,12,60,130,123,448,26,16,313,3,6,31,235,8,500
258,43,120,13,22,234,85,44,48,16,2,0,1,2,0,2,4,0,0,2,1,0,0,0,0,0,0,0
13,619,78,656,192,21,5,19,3,0,0,0,52,70,7,12,2,9,1,0,0,0,0,0,0,0,0,0
32,351,715,63,342,101,15,246,14,2,0,0,2,21,1,34,17,5,4,4,0,14,0,0,0,0,0,0
58,261,132,1000,98,58,17,27,6,0,0,0,504,196,111,10,4,31,2,0,0,0,0,16,13,4,0,0
21,239,181,222,574,84,25,117,22,3,0,0,25,208,22,130,24,89,35,2,0,3,0,2,8,19,0,6
165,28,329,16,83,1100,183,442,366,24,3,0,2,7,6,16,74,2,3,15,2,5,0,0,0,0,0,0
67,8,132,21,160,471,349,387,260,168,37,9,7,39,6,34,34,7,2,16,27,2,4,0,0,0,0,0
16,8,89,15,141,206,208,833,375,71,7,0,8,52,13,179,773,49,161,57,9,188,0,3,5,18,0,52
4,12,14,2,39,165,154,466,810,222,112,41,4,54,47,189,622,141,120,211,75,122,24,19,27,28,0,19
9,0,3,0,6,64,411,103,490,903,228,96,0,8,12,44,222,52,51,223,318,73,47,12,20,17,0,11
2,0,0,0,0,5,86,7,65,552,1487,401,0,0,0,3,29,4,8,84,505,31,564,0,2,4,0,6
0,0,0,0,0,0,5,0,5,89,660,1415,0,0,0,0,4,0,1,17,169,9,519,0,0,1,0,3
37,131,140,247,85,68,19,32,6,0,0,0,749,84,195,10,4,14,2,0,0,0,0,111,26,3,21,0
3,19,30,182,127,27,10,54,10,1,0,0,170,641,316,67,17,343,22,1,0,4,0,40,131,100,21,9
0,2,5,23,30,5,4,31,9,2,0,0,233,243,902,67,25,209,19,2,0,4,0,327,369,40,199,5
2,4,6,8,44,23,62,79,90,31,2,0,11,90,72,199,192,219,280,25,4,64,0,29,44,129,9,169
4,3,31,3,39,64,140,440,375,282,234,82,3,53,68,353,1476,360,515,173,85,352,35,55,93,123,22,81
0,3,3,30,24,11,29,57,145,77,8,0,52,284,268,192,430,830,299,110,14,123,0,89,193,322,33,82
0,4,5,5,37,4,12,62,64,141,95,14,4,66,41,340,522,412,751,130,101,186,14,17,73,200,11,120
4,0,4,0,3,53,93,59,335,161,55,82,0,3,4,28,302,33,73,220,62,118,20,4,11,19,3,14
8,0,0,0,0,13,101,8,73,412,351,201,0,0,0,4,51,6,18,141,658,66,285,0,4,8,1,12
0,0,9,0,9,15,13,107,137,66,29,18,0,8,5,84,914,69,319,205,34,507,10,3,17,74,5,92
0,0,0,0,0,0,6,0,3,57,559,640,0,0,0,0,3,0,2,19,317,13,1222,0,0,1,0,4
0,0,0,3,7,0,0,7,4,2,0,0,32,55,247,37,26,178,44,3,0,8,0,663,254,63,415,12
0,0,0,2,1,0,0,3,6,5,2,0,34,26,259,15,73,191,146,32,9,166,0,193,480,287,136,146
0,0,0,2,2,0,0,2,3,5,7,2,6,52,91,37,43,564,305,34,51,158,8,39,260,952,46,263
0,0,0,0,0,0,0,0,0,0,0,0,3,1,30,1,5,16,27,3,3,54,0,319,148,145,1029,261
0,0,0,0,2,0,0,5,3,4,2,1,0,9,10,54,119,117,453,27,16,331,3,4,28,243,5,526
252,41,112,13,22,238,92,44,50,18,2,0,1,2,0,2,4,0,0,2,1,0,0,0,0,0,0,0
16,614,78,671,195,25,7,21,4,0,0,0,57,77,9,12,2,10,2,0,0,0,0,0,0,0,0,0
36,353,710,66,359,112,19,261,17,4,0,0,4,25,2,37,20,7,6,7,0,4,0,0,0,0,0,0
71,270,138,1040,103,69,22,31,8,0,0,0,566,216,127,11,5,35,3,0,0,0,0,21,17,6,0,0
27,248,185,231,589,97,31,124,25,5,0,0,28,228,26,131,26,99,40,4,0,5,0,2,10,25,0,9
163,28,302,16,80,1112,195,435,370,27,4,0,9,8,1,16,72,3,4,16,2,7,0,0,0,0,0,0
71,8,125,19,150,495,379,378,264,170,36,9,7,37,6,31,33,8,3,17,27,3,5,0,0,0,0,0
20,9,90,16,139,225,242,818,381,76,9,0,9,53,13,163,714,48,156,57,10,194,0,4,5,20,0,53
6,6,16,2,41,187,184,480,859,242,121,44,5,54,44,175,590,129,114,213,74,126,27,18,25,28,0,19
12,0,4,0,6,71,463,107,524,975,236,96,0,9,13,43,222,52,53,237,316,82,50,13,20,19,0,13
2,0,0,0,0,7,97,9,71,598,1546,404,0,0,0,4,31,5,10,92,519,38,614,0,4,5,0,7
0,0,0,0,0,0,7,0,6,91,653,1384,0,0,0,0,4,0,2,18,165,11,548,0,0,1,0,4
45,137,144,244,86,78,24,35,7,0,0,0,747,85,191,11,5,15,4,0,0,0,0,119,28,4,24,0
5,25,37,202,140,36,15,62,14,2,0,0,186,681,322,67,19,338,23,2,0,5,0,43,131,107,23,11
0,4,6,26,35,8,6,38,13,3,0,0,267,278,1019,74,31,238,24,2,0,5,0,380,416,51,219,8
4,5,6,9,44,26,71,79,95,35,4,0,12,90,68,179,177,199,254,25,4,64,0,28,39,120,9,149
5,4,30,4,37,65,151,422,379,297,246,87,4,51,63,315,1378,330,491,173,85,361,40,51,85,121,20,78
0,3,4,28,23,12,31,55,146,81,10,0,52,275,265,173,415,810,305,116,15,140,0,93,195,351,34,89
0,5,5,6,34,5,13,58,63,141,94,14,5,63,39,297,479,380,726,131,99,197,16,17,68,205,11,121
6,0,5,0,4,60,105,62,356,173,59,83,0,4,5,28,300,33,76,234,63,133,23,5,12,21,4,16
11,0,0,0,0,17,118,10,81,448,363,202,0,0,0,5,53,7,20,154,667,78,302,0,5,10,3,14
0,0,9,0,10,17,15,105,140,70,30,19,0,9,6,78,888,66,321,213,36,559,12,4,17,78,5,96
0,0,0,0,0,0,7,0,4,60,552,614,0,0,0,0,4,0,2,20,307,16,1261,0,0,2,0,5
0,0,0,4,8,0,0,8,5,3,0,0,32,56,251,37,28,187,50,4,0,12,0,740,285,81,492,17
0,0,0,1,1,0,0,4,7,7,3,0,33,25,251,14,70,184,150,34,10,189,0,206,499,326,149,165
0,0,0,2,3,0,0,2,3,6,8,2,7,48,85,33,40,517,291,34,49,168,9,39,251,1009,47,274
0,0,0,0,0,0,0,0,0,0,0,0,2,2,29,2,6,16,27,4,4,60,0,314,143,156,1037,276
0,0,0,0,3,0,0,6,4,5,3,12,0,9,10,46,107,106,440,27,16,355,5,5,27,258,6,558
232,44,117,15,25,236,93,45,54,20,2,0,1,5,0,3,4,0,0,3,1,0,0,0,0,0,0,0
14,602,75,724,200,22,5,19,3,0,0,0,63,87,12,12,2,11,2,0,0,0,0,0,0,0,0,0
33,368,718,76,399,106,18,261,17,2,0,0,3,30,2,39,20,8,6,1,0,1,0,0,0,0,0,0
68,271,138,1121,107,66,21,29,7,0,0,0,622,248,175,11,4,40,2,0,0,0,0,29,21,6,0,0
25,247,178,244,591,88,29,113,23,4,0,0,30,255,33,124,25,109,39,2,0,4,0,3,11,27,0,9
157,30,326,18,94,1109,201,463,397,31,4,0,2,9,1,17,81,3,4,19,2,8,0,0,0,0,0,0
73,8,135,21,164,509,397,392,281,188,40,9,7,42,7,32,34,8,3,18,29,3,5,0,0,0,0,0
22,10,99,18,153,229,257,815,386,82,9,0,9,61,17,162,701,52,153,59,10,195,0,3,5,20,0,54
5,1,17,3,45,196,199,497,900,268,139,48,4,61,52,173,590,132,107,221,77,123,26,19,25,26,0,17
11,0,3,0,6,68,457,106,538,1050,252,95,0,10,15,42,228,55,52,255,331,84,47,14,21,18,0,12
3,0,0,0,0,6,89,8,69,616,1585,383,0,0,0,3,31,5,10,97,544,40,593,0,3,5,0,7
0,0,0,0,0,0,5,0,5,96,702,1399,0,0,0,0,3,0,1,19,180,11,566,0,0,1,0,3
45,143,146,258,88,75,23,33,6,0,0,0,747,90,230,10,4,14,2,0,0,0,0,148,30,3,27,0
4,26,37,212,139,34,13,57,12,2,0,0,180,684,352,57,16,306,18,1,0,4,0,46,126,90,21,8
0,2,5,24,31,5,5,32,11,2,0,0,245,272,1124,64,27,225,21,2,0,4,0,409,406,45,195,6
3,4,6,9,45,24,69,74,92,35,3,0,11,96,78,162,160,191,217,24,3,55,0,29,37,100,7,122
3,3,26,3,34,53,130,364,337,285,246,84,3,51,69,277,1231,316,430,160,81,322,37,54,82,105,17,68
0,2,2,25,19,8,23,43,122,73,8,0,48,266,302,144,362,785,272,108,14,132,0,105,203,326,33,83
0,4,4,5,32,3,10,50,58,138,95,13,4,66,47,276,455,399,709,132,101,199,15,19,75,205,11,123
5,0,5,0,3,59,104,62,368,191,66,88,0,4,5,28,315,36,79,258,70,145,23,5,13,22,3,17
11,0,0,0,0,16,112,9,79,458,366,190,0,0,0,4,53,8,20,160,680,80,280,0,4,10,2,14
0,0,9,0,9,15,13,102,139,75,33,19,0,10,6,77,919,72,335,233,40,610,11,3,18,82,4,104
0,0,0,0,0,0,7,0,3,63,591,611,0,0,0,0,3,0,2,21,332,16,1270,0,0,1,0,5
0,0,0,2,5,0,0,6,3,2,0,0,25,47,244,28,22,162,41,3,0,10,0,767,276,73,481,15
0,0,0,1,1,0,0,2,5,5,2,0,29,23,269,11,58,168,129,30,9,173,0,234,520,304,155,159
0,0,0,2,2,0,0,1,2,5,7,2,6,50,104,29,37,544,284,34,49,172,8,49,293,1065,52,292
0,0,0,0,0,0,0,0,0,0,0,0,2,2,31,1,4,15,24,3,3,56,0,348,145,144,1053,261
0,0,0,0,2,0,0,4,3,4,2,1,0,9,11,42,100,110,429,28,17,362,3,4,31,267,6,596
224,44,122,14,23,242,94,45,55,20,2,0,1,2,0,11,3,0,0,2,1,0,0,0,0,0,0,0
12,589,70,774,190,20,4,17,2,0,0,0,65,86,11,9,1,10,1,0,0,0,0,0,0,0,0,0
29,371,703,81,400,99,16,254,15,7,0,0,2,30,1,35,17,7,5,5,0,2,0,0,0,0,0,0
67,265,132,1167,99,62,20,27,6,0,0,0,657,238,183,8,3,37,2,0,0,0,0,29,21,6,0,0
26,264,182,270,587,89,29,109,22,3,0,0,31,258,35,114,21,110,38,2,0,4,0,2,11,29,0,8
155,31,341,20,98,1127,206,482,414,31,3,0,1,9,1,16,78,2,4,19,1,8,0,0,0,0,0,0
77,8,143,21,164,535,420,398,291,193,40,8,6,40,6,28,31,6,2,18,27,2,4,0,0,0,0,0
25,11,111,20,163,251,289,838,400,86,8,0,8,62,16,152,636,49,148,58,9,195,0,2,4,19,0,51
5,2,20,2,48,224,229,537,975,291,153,54,3,61,49,166,549,121,99,229,76,121,27,15,20,22,0,14
10,0,2,0,5,71,487,109,577,1129,264,100,0,8,13,39,218,51,50,277,334,87,46,11,17,16,0,10
1,0,0,0,0,5,89,7,71,641,1607,396,0,0,0,3,29,4,9,107,561,44,614,0,2,4,0,6
0,0,0,0,0,0,4,0,4,91,679,1417,0,0,0,0,2,0,12,18,175,11,574,0,0,1,0,3
48,152,151,275,85,75,23,31,6,0,0,0,750,82,216,8,2,12,7,0,0,0,0,135,27,2,25,0
4,30,41,248,144,37,14,58,12,1,0,0,192,665,336,50,13,270,16,5,0,3,0,39,110,81,17,6
0,2,4,25,30,5,4,32,10,2,0,0,264,270,1145,59,24,216,20,3,0,3,0,379,382,43,170,5
2,4,5,10,45,23,72,73,94,35,2,0,11,95,75,146,138,169,190,22,2,48,0,23,30,85,4,97
2,2,24,1,31,48,122,341,324,280,246,90,2,47,65,246,1074,284,396,155,75,305,36,44,70,95,12,57
0,1,1,24,15,6,19,36,111,68,7,0,46,243,298,123,313,730,260,106,12,135,0,97,192,325,29,78
0,3,3,4,29,2,9,45,54,133,92,13,3,63,46,252,411,387,720,136,99,211,15,17,73,216,9,124
4,0,4,0,2,56,100,59,366,192,67,93,0,2,4,24,288,33,77,272,69,154,23,3,11,22,2,15
10,0,0,0,0,15,108,8,77,443,343,183,0,0,0,3,47,6,19,162,644,83,263,0,3,9,1,12
0,0,8,0,8,13,12,99,138,75,33,19,0,8,5,71,861,68,342,250,40,668,11,2,16,84,3,105
0,0,0,0,0,0,6,0,3,64,599,637,0,0,0,0,2,0,3,22,337,17,1317,0,0,1,0,4
0,0,0,2,4,0,0,4,2,3,0,0,22,42,234,23,18,153,41,3,0,10,0,743,279,82,503,16
0,0,0,5,6,0,0,2,4,5,2,0,26,19,265,9,49,156,126,29,8,185,0,231,529,331,162,168
0,0,0,1,2,0,0,1,1,4,6,1,5,47,105,24,32,527,285,33,47,184,7,47,299,1169,51,308
0,0,0,0,0,0,0,0,0,0,0,0,2,1,29,3,3,13,23,3,2,60,0,338,144,156,1075,276
0,0,0,0,2,0,0,3,2,3,1,1,0,8,9,35,86,101,420,26,15,378,3,3,28,278,4,613