290,10,40,74,23,46,73,27,77,104,41,0,7,4,0,2,7,0,0,7,1,0,0,0,0,0,0,0
7,1174,90,132,89,100,26,135,23,0,0,0,41,62,14,34,14,7,2,0,0,0,0,0,0,0,0,0
55,95,1333,82,91,84,78,110,116,17,0,0,14,24,3,37,68,7,7,11,0,0,0,0,0,0,0,0
28,160,85,2387,74,10,2,57,11,0,0,0,106,82,52,39,6,46,4,0,0,0,0,20,16,1,0,0
78,49,68,81,1520,74,11,58,47,13,0,0,40,60,11,43,54,43,69,6,0,9,0,5,12,26,0,2
73,13,82,28,101,2208,100,122,154,107,17,0,78,29,2,12,61,2,4,80,14,8,0,0,0,0,0,0
19,25,15,77,35,38,1495,74,78,128,111,43,34,119,10,17,10,2,0,38,148,2,45,0,0,0,0,0
9,73,106,25,75,100,149,2504,77,47,18,0,10,48,18,43,87,11,47,49,9,140,0,4,5,14,0,32
37,8,95,88,57,189,126,97,2940,78,39,26,78,37,89,34,64,30,7,63,43,39,14,24,5,4,0,7
26,0,2,0,39,46,136,49,72,2809,125,88,0,87,62,32,53,140,46,72,131,11,149,5,52,9,0,4
2,0,0,0,0,1,39,19,36,59,3021,223,0,0,0,30,49,46,151,46,137,111,267,0,5,113,0,18
0,0,0,0,0,0,28,0,156,147,95,2004,0,0,0,0,230,0,112,106,39,192,58,0,0,9,0,74
50,5,90,46,49,48,1,7,1,0,0,0,1476,55,127,24,7,77,6,0,0,0,0,77,91,5,53,0
12,75,6,80,33,77,61,47,6,1,0,0,59,1652,86,25,25,88,49,7,0,8,0,13,57,136,29,7
0,17,8,76,5,4,38,76,122,3,0,0,109,40,2340,51,13,63,21,1,0,7,0,116,101,48,43,5
20,169,36,27,45,4,62,20,44,8,1,0,7,27,20,632,28,40,45,13,8,34,0,14,5,36,7,125
28,15,176,5,59,88,16,175,77,180,46,12,36,41,33,53,3071,59,109,89,40,118,33,105,67,16,20,61
0,15,6,144,46,6,3,4,49,162,9,0,40,117,80,18,78,2245,74,20,3,29,0,53,111,92,7,37
0,4,7,4,48,4,10,37,3,39,209,19,1,26,25,60,29,64,2044,71,39,130,7,22,38,141,56,76
19,0,5,0,2,74,47,35,104,39,85,32,0,25,47,15,37,25,21,1135,54,59,17,44,80,46,69,4
11,0,0,0,0,5,77,2,45,156,85,189,0,0,0,13,25,43,24,32,1585,19,134,0,44,84,5,45
0,0,9,0,4,23,14,73,80,8,44,213,0,2,34,23,145,35,62,40,68,2052,30,68,32,29,72,88
0,0,0,0,0,0,4,0,3,79,337,230,0,0,0,0,24,0,50,35,61,46,2345,0,0,55,0,76
0,0,0,2,2,0,0,1,35,16,0,0,40,4,28,45,297,115,36,11,0,3,0,1501,87,28,92,6
0,0,0,5,2,0,0,2,1,12,6,0,95,69,144,2,23,24,49,96,5,21,0,72,1607,88,119,10
0,0,0,3,7,0,0,3,5,3,39,24,5,79,43,45,4,159,29,21,165,61,13,40,97,2272,43,125
0,0,0,0,0,0,0,0,0,0,0,0,4,2,118,1,1,6,28,14,6,191,0,181,33,75,1525,30
0,0,0,0,3,0,0,13,8,14,17,135,0,3,1,34,92,23,119,6,26,41,203,17,20,64,21,1299
307,10,40,67,22,49,72,27,75,106,42,0,6,4,0,2,6,0,0,7,1,0,0,0,0,0,0,0
8,1193,88,121,87,102,25,134,22,0,0,0,38,55,11,34,13,7,2,0,0,0,0,0,0,0,0,0
60,102,1361,79,94,91,80,116,119,18,0,0,14,22,3,39,69,7,6,11,0,0,0,0,0,0,0,0
35,187,95,2492,83,12,3,66,12,0,0,0,116,86,52,46,7,51,5,0,0,0,0,21,15,1,0,0
89,53,70,78,1552,80,11,60,49,15,0,0,39,58,10,46,57,44,70,7,0,10,0,5,11,24,0,2
74,13,79,25,97,2201,94,121,148,108,17,0,70,25,2,12,58,2,3,77,14,8,0,0,0,0,0,0
21,27,16,75,36,41,1505,78,80,140,120,46,34,112,8,18,10,2,1,40,155,2,53,0,0,0,0,0
10,76,107,23,76,105,147,2555,76,50,19,0,10,45,16,45,88,11,47,50,10,143,0,3,4,12,0,32
39,9,95,86,59,198,125,102,2968,83,41,27,79,35,80,37,67,30,7,67,46,41,17,22,4,3,0,7
27,0,2,0,38,45,126,48,69,2827,125,88,0,79,55,33,52,136,45,72,132,11,167,4,44,7,0,4
0,0,0,0,0,1,38,19,35,60,3018,221,0,0,0,30,48,44,143,45,134,107,286,0,4,97,0,17
0,0,0,0,0,0,27,0,152,151,97,2029,0,0,0,0,224,0,107,104,38,184,63,0,0,7,0,69
58,6,97,46,52,55,2,7,1,0,0,0,1484,53,119,26,8,81,6,0,0,0,0,75,83,5,52,0
15,88,7,83,37,92,69,54,7,1,0,0,62,1665,84,28,28,96,53,8,0,9,0,13,54,135,29,9
0,21,10,83,7,5,45,92,144,4,0,0,120,43,2330,61,15,71,24,1,0,9,0,120,98,49,45,6
20,160,34,23,42,4,59,19,41,8,1,0,7,23,17,609,26,37,42,13,8,32,0,12,4,30,6,121
27,14,161,4,55,85,15,167,71,178,45,11,33,36,28,52,2944,56,105,87,39,116,36,93,55,14,18,61
0,15,6,133,47,6,3,4,51,178,11,0,38,109,70,19,81,2239,75,21,3,30,0,49,96,85,6,40
0,4,7,3,47,4,10,38,3,42,220,20,1,23,22,62,30,64,2047,74,41,135,8,21,34,130,53,81
20,0,5,0,2,75,46,34,101,40,87,33,0,23,42,15,36,25,20,1138,55,60,19,42,69,41,64,4
12,0,0,0,0,5,73,2,42,160,87,194,0,0,0,13,24,40,23,32,1580,18,147,0,36,71,4,43
0,0,9,0,4,25,15,77,82,9,48,230,0,2,30,24,149,35,62,42,72,2120,35,64,28,26,69,92
0,0,0,0,0,0,3,0,3,73,318,217,0,0,0,0,21,0,44,32,57,41,2406,0,0,44,0,68
0,0,0,2,2,0,0,2,39,19,0,0,42,4,27,52,334,126,40,13,0,3,0,1493,81,28,93,8
0,0,0,6,2,0,0,3,1,15,8,0,105,75,149,2,28,28,58,120,7,27,0,77,1635,95,131,13
0,0,0,3,8,0,0,4,5,4,46,28,5,79,41,52,5,173,32,25,192,70,17,40,93,2298,45,146
0,0,0,0,0,0,0,0,0,0,0,0,4,2,108,2,1,6,30,15,6,207,0,173,30,73,1506,34
0,0,0,0,3,0,0,13,8,15,18,140,0,2,1,33,91,22,115,6,27,41,228,15,16,56,18,1290
308,11,43,69,22,53,86,29,83,115,45,0,7,4,0,2,6,0,0,7,1,0,0,0,0,0,0,0
8,1205,94,128,88,109,30,141,24,0,0,0,45,62,13,35,14,7,1,0,0,0,0,0,0,0,0,0
56,99,1369,78,90,92,88,116,123,19,0,0,15,24,3,38,67,7,6,11,0,2,0,0,0,0,0,0
35,182,97,2496,80,13,3,67,13,0,0,0,134,95,62,47,7,56,5,0,0,0,0,25,18,1,0,0
90,53,73,80,1520,83,13,62,53,16,0,0,45,65,12,48,60,50,76,7,0,10,0,6,13,28,0,2
70,13,80,25,93,2217,104,121,155,112,17,0,76,27,2,12,58,2,3,79,14,8,0,0,0,0,0,0
18,25,15,71,32,39,1536,73,79,136,114,43,35,111,9,17,10,2,1,39,153,2,50,0,0,0,0,0
10,75,109,24,74,107,163,2581,81,52,20,0,11,49,19,46,91,12,51,54,11,147,0,4,5,14,0,34
35,8,91,84,55,190,130,98,2987,82,40,25,88,38,90,36,66,32,8,68,48,41,17,25,5,4,0,7
24,0,2,0,35,43,133,47,70,2848,124,85,0,86,65,33,52,145,47,75,139,11,169,5,51,9,0,5
0,0,0,0,0,1,41,19,36,62,3022,210,0,0,0,30,48,48,147,46,138,105,278,0,5,108,0,18
0,0,0,0,0,0,31,0,162,159,101,2022,0,0,0,0,230,0,113,110,41,182,63,0,0,9,0,68
52,6,92,42,45,51,2,7,1,0,0,0,1507,51,126,24,7,79,6,0,0,0,0,81,90,6,55,0
13,78,7,76,32,87,72,49,7,1,0,0,64,1632,89,26,26,94,52,8,0,9,0,14,59,143,31,9
0,17,8,72,5,4,44,82,134,4,0,0,117,40,2303,53,13,64,22,1,0,7,0,118,98,48,45,5
19,149,33,22,40,4,65,19,43,8,2,0,7,25,20,604,26,40,44,14,8,33,0,14,5,35,7,127
24,12,150,4,48,80,15,157,70,175,44,10,36,37,33,50,2856,59,108,88,40,114,35,104,63,16,20,63
0,13,6,122,42,6,3,4,51,178,10,0,39,110,76,18,78,2255,74,21,3,29,0,53,107,92,7,40
0,4,7,3,41,4,10,35,3,41,211,18,1,23,24,58,28,65,2040,73,41,130,8,23,38,142,57,81
19,0,5,0,2,73,49,32,100,39,84,30,0,24,49,15,35,26,21,1140,56,58,18,48,81,46,71,4
11,0,0,0,0,5,77,2,41,160,87,186,0,0,0,12,23,41,23,32,1609,17,141,0,41,76,5,41
0,0,10,0,4,26,17,77,87,10,51,229,0,2,35,23,150,38,65,44,76,2140,35,74,34,30,79,96
0,0,0,0,0,0,4,0,3,77,336,223,0,0,0,0,22,0,48,34,63,43,2514,0,0,51,0,70
0,0,0,2,2,0,0,1,37,18,0,0,42,4,28,47,306,120,37,12,0,3,0,1487,84,28,94,7
0,0,0,5,2,0,0,2,1,13,7,0,97,68,145,2,24,25,53,108,6,23,0,74,1620,93,126,12
0,0,0,2,6,0,0,3,5,4,41,24,5,73,40,45,4,161,30,23,179,62,15,39,95,2304,46,135
0,0,0,0,0,0,0,0,0,0,0,0,4,2,107,1,1,6,27,13,6,185,0,171,31,74,1508,32
0,0,0,0,2,0,0,12,8,16,19,134,0,2,0,32,89,22,117,6,28,41,225,16,19,61,20,1295
302,12,44,68,23,51,77,27,76,102,39,0,6,3,0,2,6,0,0,6,1,0,0,0,0,0,0,0
8,1236,90,122,88,97,24,124,21,0,0,0,40,52,11,30,12,6,0,0,0,0,0,0,0,0,0,0
55,109,1390,79,97,87,79,110,114,17,0,0,14,22,3,35,62,6,5,10,0,1,0,0,0,0,0,0
35,197,97,2477,84,12,3,62,12,0,0,0,126,87,57,44,7,50,5,0,0,0,0,23,16,1,0,0
86,55,70,76,1512,74,11,55,46,14,0,0,40,56,10,43,53,43,64,6,0,8,0,5,11,22,0,2
72,15,87,26,104,2214,96,122,152,107,16,0,72,25,2,12,57,2,3,74,12,7,0,0,0,0,0,0
20,33,18,85,41,43,1570,81,85,145,119,45,38,116,10,19,11,2,1,42,143,2,47,0,0,0,0,0
11,86,118,26,84,108,152,2561,78,50,18,0,11,48,18,46,92,12,48,52,9,139,0,4,5,13,0,31
36,10,99,94,64,193,123,101,2997,81,38,25,92,38,90,38,69,32,8,68,42,41,15,25,5,4,0,7
26,0,2,0,42,44,128,49,71,2866,122,85,0,90,68,35,55,150,48,76,126,11,156,6,52,9,0,5
0,0,0,0,0,1,42,21,38,64,3036,211,0,0,0,33,52,50,149,47,123,104,251,0,5,105,0,17
0,0,0,0,0,0,30,0,164,158,98,1989,0,0,0,0,238,0,110,109,35,172,54,0,0,8,0,61
58,7,104,46,52,54,2,7,1,0,0,0,1531,51,125,24,7,78,6,0,0,0,0,85,89,5,52,0
15,92,8,83,37,92,70,50,7,1,0,0,64,1596,87,26,26,92,50,8,0,8,0,15,57,135,28,8
0,21,10,82,7,5,45,88,142,4,0,0,122,41,2297,56,14,64,21,1,0,7,0,122,96,47,43,5
19,161,34,22,43,4,59,18,41,7,1,0,7,23,18,579,25,37,40,12,7,30,0,13,4,31,6,116
24,13,152,4,52,76,14,150,66,163,39,9,36,35,31,49,2798,57,102,82,33,107,29,104,59,14,17,58
0,15,6,130,49,6,3,4,53,181,10,0,39,109,75,19,82,2241,74,22,3,29,0,55,104,88,6,39
0,5,8,3,48,4,10,36,4,41,206,18,1,23,24,60,29,66,2034,74,36,130,7,25,38,140,55,82
21,0,6,0,2,76,48,33,100,39,82,29,0,24,50,15,36,27,21,1135,49,58,16,53,81,45,69,4
13,0,0,0,0,5,82,2,46,177,95,205,0,0,0,14,26,45,25,36,1560,19,139,0,44,79,5,42
0,0,11,0,5,28,17,80,91,10,51,230,0,2,35,24,158,38,65,44,67,2098,31,78,34,29,75,93
0,0,0,0,0,0,4,0,3,84,365,245,0,0,0,0,25,0,52,38,62,46,2500,0,0,54,0,73
0,0,0,2,2,0,0,2,37,18,0,0,43,4,27,49,319,119,37,12,0,3,0,1509,80,26,87,7
0,0,0,5,2,0,0,2,1,14,7,0,101,70,149,2,26,26,55,113,6,24,0,79,1644,93,125,13
0,0,0,3,8,0,0,3,6,4,42,25,5,77,41,50,5,169,31,24,167,65,14,42,98,2343,46,141
0,0,0,0,0,0,0,0,0,0,0,0,4,2,109,1,1,6,28,14,5,190,0,183,31,75,1501,33
0,0,0,0,3,0,0,13,9,16,19,137,0,2,2,34,96,22,119,7,26,42,209,17,18,60,19,1284
308,10,44,64,22,53,83,26,76,101,39,0,6,4,0,2,6,0,0,6,1,0,0,0,0,0,0,0
9,1227,105,141,100,115,31,143,25,0,0,0,46,64,13,35,15,7,1,0,0,0,0,0,0,0,0,0
57,96,1434,79,98,92,87,112,119,18,0,0,14,24,3,36,65,6,6,11,0,0,0,0,0,0,0,0
37,174,100,2487,84,13,3,64,13,0,0,0,133,96,61,46,7,53,5,0,0,0,0,24,17,1,0,0
95,50,74,78,1541,80,13,57,49,15,0,0,42,63,12,46,59,46,71,7,0,10,0,6,12,23,0,2
71,12,86,25,99,2211,101,119,152,105,16,0,69,26,2,12,58,2,3,75,13,7,0,0,0,0,0,0
19,27,18,80,38,42,1573,76,83,139,114,45,36,115,9,17,11,2,1,42,149,3,47,0,0,0,0,0
11,73,118,25,81,109,160,2508,79,50,19,0,11,50,18,46,95,12,51,55,10,147,0,4,5,12,0,33
35,8,95,92,62,191,127,99,2990,79,37,25,93,41,91,38,71,31,8,71,46,44,15,25,5,4,0,8
26,0,2,0,41,44,133,48,71,2828,122,88,0,97,73,35,57,152,50,81,141,12,164,6,55,9,0,5
5,0,0,0,0,2,44,21,39,64,3028,217,0,0,0,33,53,51,154,49,133,107,253,0,6,102,0,18
0,0,0,0,0,0,31,0,161,152,96,2013,0,0,0,0,237,0,110,110,37,171,53,0,0,7,0,59
60,6,106,45,51,55,2,7,1,0,0,0,1523,53,128,24,8,78,6,0,0,0,0,87,93,6,56,0
15,75,8,77,34,91,73,47,7,1,0,0,61,1586,84,24,26,87,50,8,0,9,0,14,57,128,29,9
0,18,10,79,7,5,48,88,145,5,0,0,120,43,2280,56,15,61,22,1,0,8,0,119,97,45,44,6
18,132,33,21,41,4,63,18,41,7,1,0,7,24,18,574,26,37,42,13,7,32,0,13,5,31,6,123
23,10,142,4,47,73,14,141,64,157,38,9,35,37,32,48,2809,56,105,84,35,112,29,103,61,14,18,62
0,12,6,121,46,6,4,4,54,182,11,0,38,113,75,19,85,2211,76,23,4,31,0,54,108,87,7,42
0,4,7,3,43,4,10,34,4,39,196,17,1,22,24,57,29,62,2033,74,38,132,7,24,38,134,55,85
20,0,5,0,2,74,49,30,97,37,78,29,0,25,50,15,36,26,21,1138,51,59,16,53,83,43,70,4
12,0,0,0,0,5,77,2,40,155,85,191,0,0,0,12,23,39,22,33,1517,17,126,0,40,66,5,38
0,0,10,0,5,26,17,75,88,10,49,227,0,2,34,22,153,35,63,44,70,2072,30,74,33,27,74,92
0,0,0,0,0,0,4,0,3,77,345,242,0,0,0,0,24,0,50,37,64,46,2436,0,0,49,0,70
0,0,0,2,2,0,0,2,39,19,0,0,44,5,28,51,338,121,39,14,0,3,0,1520,84,27,94,8
0,0,0,5,2,0,0,2,1,13,7,0,95,71,146,2,27,25,56,117,7,26,0,76,1655,90,127,14
0,0,0,3,8,0,0,3,6,4,42,26,5,79,41,49,5,167,32,26,184,69,14,41,101,2306,48,151
0,0,0,0,0,0,0,0,0,0,0,0,3,2,102,1,1,6,27,13,5,189,0,170,31,70,1488,34
0,0,0,0,3,0,0,12,8,16,19,136,0,3,0,32,94,21,117,7,28,42,206,15,18,55,18,1276
294,12,45,65,24,55,84,30,81,109,42,0,6,4,0,2,6,0,0,6,1,0,0,0,0,0,0,0
7,1175,89,123,91,98,26,137,22,0,0,0,42,59,11,32,13,6,0,0,0,0,0,0,0,0,0,0
54,109,1423,81,106,93,86,127,127,19,0,0,15,26,3,39,66,7,6,11,0,1,0,0,0,0,0,0
35,189,95,2431,86,13,3,70,14,0,0,0,139,102,65,49,8,60,6,0,0,0,0,25,17,1,0,0
87,54,70,75,1541,76,12,61,50,16,0,0,43,66,12,48,59,51,70,7,0,10,0,6,11,24,0,2
66,14,85,25,104,2188,98,134,160,113,16,0,71,28,2,13,59,2,3,73,13,7,0,0,0,0,0,0
17,31,18,83,41,42,1546,86,89,152,123,48,38,123,10,19,12,2,1,43,155,3,52,0,0,0,0,0
9,73,105,23,77,98,140,2525,74,48,18,0,10,49,17,45,89,13,48,50,10,138,0,4,5,12,0,31
31,9,88,90,63,178,116,106,2992,80,37,25,96,43,94,39,71,35,9,69,46,44,16,25,5,4,0,8
22,0,2,0,40,39,116,49,68,2770,116,83,0,97,74,36,55,163,49,74,134,12,166,7,52,9,0,5
0,0,0,0,0,2,41,22,39,65,2980,210,0,0,0,34,53,57,150,45,126,102,251,0,6,104,0,18
0,0,0,0,0,0,29,0,164,157,98,2023,0,0,0,0,238,0,110,104,36,166,54,0,0,8,0,56
55,7,101,43,50,52,2,7,1,0,0,0,1513,53,130,24,8,85,6,0,0,0,0,88,91,6,57,0
14,80,7,74,34,88,69,51,7,2,0,0,61,1613,86,25,25,95,50,8,0,9,0,14,55,135,29,9
0,19,9,75,7,5,45,95,146,5,0,0,119,44,2263,57,14,65,21,1,0,7,0,117,91,47,44,6
16,132,30,19,40,4,58,19,40,7,1,0,7,24,18,576,25,40,40,12,7,31,0,12,4,32,6,122
20,11,130,3,47,68,13,150,64,161,38,9,36,38,34,50,2825,64,108,81,35,114,30,107,60,16,18,64
0,11,5,105,43,5,3,4,51,176,10,0,34,107,71,18,79,2246,71,20,3,29,0,50,97,85,6,40
0,4,7,3,43,4,9,36,4,40,195,17,1,22,24,58,28,69,2033,70,37,131,7,24,38,143,56,88
19,0,5,0,2,73,48,33,100,39,80,29,0,27,55,16,37,31,22,1115,52,61,17,58,85,47,74,5
11,0,0,0,0,4,73,2,40,164,88,196,0,0,0,12,24,44,22,32,1519,17,133,0,40,70,5,37
0,0,10,0,5,26,16,81,90,10,51,229,0,2,35,23,154,39,63,42,69,2051,31,76,32,28,75,92
0,0,0,0,0,0,3,0,3,74,331,231,0,0,0,0,22,0,48,33,60,43,2412,0,0,49,0,65
0,0,0,2,2,0,0,2,39,19,0,0,44,5,28,52,335,132,39,13,0,3,0,1493,80,28,94,8
0,0,0,5,2,0,0,3,1,14,7,0,96,75,153,2,27,29,58,115,7,27,0,78,1644,99,132,15
0,0,0,2,7,0,0,3,5,4,39,24,5,75,38,48,5,170,30,23,168,64,14,38,90,2273,45,144
0,0,0,0,0,0,0,0,0,0,0,0,3,2,102,1,1,6,26,12,5,185,0,167,29,74,1493,35
0,0,0,0,3,0,0,13,8,17,19,135,0,3,0,33,94,22,117,7,28,42,213,15,17,58,18,1276
296,14,43,57,23,53,79,29,74,102,42,0,8,7,0,5,9,0,0,9,5,0,0,0,0,0,0,0
12,1175,94,123,90,103,29,135,25,0,0,0,44,61,15,36,18,10,8,0,0,0,0,0,0,0,0,0
61,107,1375,78,100,93,86,121,122,22,0,0,17,27,7,42,72,10,9,14,0,9,0,0,0,0,0,0
43,190,98,2321,84,16,7,70,17,0,0,0,139,105,72,55,12,65,9,0,0,0,0,30,22,5,0,0
108,59,76,77,1492,82,16,63,54,21,0,0,45,71,17,55,71,57,77,12,0,14,0,10,16,28,0,6
74,17,86,26,99,2132,98,128,156,117,20,0,67,29,5,16,66,6,7,78,17,10,0,0,0,0,0,0
22,34,21,80,40,44,1474,82,87,155,127,48,38,118,13,22,16,6,4,48,161,6,50,0,0,0,0,0
15,80,115,27,81,108,151,2548,79,56,23,0,14,54,23,54,108,17,55,61,15,151,0,8,9,16,0,37
38,12,91,92,65,183,120,107,2971,87,43,28,99,47,103,46,84,40,12,79,54,50,20,31,9,8,0,12
27,0,6,0,40,41,115,49,68,2769,121,82,0,99,82,40,63,167,52,82,144,16,159,11,58,12,0,9
5,0,0,0,0,5,43,24,40,69,2993,198,0,0,0,38,59,59,148,50,130,99,225,0,10,99,0,20
0,0,0,0,0,0,33,0,164,166,106,1986,0,0,0,0,263,0,114,115,41,167,53,0,0,11,0,56
67,11,108,46,51,57,6,11,5,0,0,0,1463,56,140,29,12,91,10,0,0,0,0,99,102,10,68,0
20,85,11,76,37,97,76,53,11,5,0,0,64,1616,94,30,32,101,55,13,0,13,0,19,63,139,36,13
0,21,13,75,10,8,49,94,146,9,0,0,115,46,2279,61,19,67,24,5,0,11,0,123,97,48,50,10
21,128,33,21,41,8,61,21,43,11,5,0,10,27,23,598,31,43,44,17,11,35,0,16,8,34,10,127
24,13,121,7,43,66,15,135,61,157,40,12,36,39,38,53,2908,66,108,86,39,113,30,110,64,18,22,66
0,14,9,103,44,9,7,8,55,193,15,0,36,111,79,23,94,2336,77,27,7,34,0,58,108,89,11,46
0,7,10,6,42,8,13,37,7,44,201,19,5,25,28,62,34,71,2020,77,41,134,10,29,43,140,63,92
24,0,8,0,5,71,48,32,92,40,80,29,0,28,57,19,40,32,24,1098,54,60,18,62,88,46,77,8
15,0,0,0,0,8,72,6,40,165,92,188,0,0,0,16,28,46,25,36,1535,19,123,0,43,66,9,38
0,0,13,0,8,29,20,79,91,14,56,222,0,6,38,27,168,41,65,48,75,2007,31,81,36,30,82,93
0,0,0,0,0,0,7,0,6,80,360,238,0,0,0,0,29,0,53,40,70,47,2361,0,0,52,0,69
0,0,0,5,6,0,0,5,40,23,0,0,44,8,31,55,353,130,41,17,0,7,0,1471,82,29,99,11
0,0,0,8,6,0,0,6,4,17,11,0,87,72,151,6,32,31,59,120,11,29,0,79,1625,94,138,18
0,0,0,6,10,0,0,7,9,8,45,27,8,78,42,54,9,177,34,29,185,70,17,43,99,2245,53,153
0,0,0,0,0,0,0,0,0,0,0,0,7,6,102,5,5,10,28,16,8,181,0,167,32,72,1530,38
0,0,0,0,6,0,0,16,12,21,24,133,0,6,4,37,107,26,121,11,33,45,203,19,21,59,22,1270
301,15,49,64,24,64,82,32,77,103,41,0,8,6,0,5,9,0,0,8,4,0,0,0,0,0,0,0
11,1161,94,127,85,108,27,134,23,0,0,0,41,54,13,38,17,9,6,0,0,0,0,0,0,0,0,0
54,105,1353,78,94,97,77,119,112,20,0,0,16,24,6,44,67,9,8,12,0,3,0,0,0,0,0,0
37,178,92,2241,75,16,6,65,15,0,0,0,126,89,61,55,11,58,9,0,0,0,0,26,19,5,0,0
98,58,75,79,1394,86,14,62,49,18,0,0,43,63,15,58,67,54,75,10,0,12,0,9,14,26,0,6
64,16,83,26,89,2166,86,124,140,101,17,0,59,25,5,16,60,5,6,65,15,8,0,0,0,0,0,0
20,35,22,86,40,49,1385,86,85,147,115,51,37,109,12,24,16,5,4,44,157,6,50,0,0,0,0,0
13,79,115,27,76,114,136,2531,73,50,20,0,13,48,20,57,103,16,54,54,14,136,0,7,8,15,0,34
34,12,92,99,64,197,111,111,2872,81,38,28,100,44,95,50,84,39,13,73,53,47,19,29,8,8,0,12
26,0,5,0,41,45,112,53,68,2714,113,89,0,99,82,47,66,174,56,79,148,16,168,11,58,13,0,9
3,0,0,0,0,5,45,28,43,71,2928,223,0,0,0,46,64,64,163,49,135,99,239,0,10,106,0,21
0,0,0,0,0,0,29,0,153,148,91,1989,0,0,0,0,252,0,111,100,38,145,49,0,0,10,0,50
61,10,110,47,48,61,5,10,4,0,0,0,1385,49,125,30,11,86,10,0,0,0,0,93,94,9,63,0
19,90,12,83,37,111,75,56,10,5,0,0,64,1537,89,33,32,101,57,12,0,12,0,18,62,144,34,13
0,23,14,85,10,9,50,106,153,8,0,0,122,46,2233,72,20,68,25,5,0,11,0,123,96,51,50,10
19,126,33,22,39,8,57,22,41,10,5,0,10,25,21,652,30,42,44,15,11,32,0,15,8,34,9,124
23,13,129,7,43,75,15,145,61,153,37,12,37,38,37,61,3057,68,117,83,39,113,31,111,63,19,21,69
0,15,9,111,45,10,6,8,56,191,14,0,36,107,75,26,98,2380,82,26,7,33,0,57,107,94,10,48
0,7,10,6,40,8,12,38,7,41,177,19,4,22,25,67,33,69,2040,70,40,125,9,27,40,142,59,92
24,0,9,0,5,83,48,35,95,40,76,32,0,28,57,21,43,34,26,1072,55,60,19,65,89,49,78,8
14,0,0,0,0,8,71,5,40,161,87,206,0,0,0,17,28,46,26,34,1560,19,127,0,42,66,8,37
0,0,14,0,8,32,19,86,92,14,52,238,0,5,36,30,174,41,68,45,74,1912,31,79,35,30,78,92
0,0,0,0,0,0,6,0,6,71,313,240,0,0,0,0,27,0,51,35,66,42,2281,0,0,49,0,63
0,0,0,5,5,0,0,5,39,22,0,0,44,8,30,63,365,131,43,16,0,7,0,1432,79,30,97,11
0,0,0,8,5,0,0,6,4,16,10,0,88,70,146,6,33,31,63,117,11,29,0,78,1614,101,137,19
0,0,0,6,10,0,0,7,9,8,39,27,7,71,37,59,9,169,34,26,176,64,16,39,90,2205,48,149
0,0,0,0,0,0,0,0,0,0,0,0,6,5,100,5,5,10,31,15,8,182,0,169,33,78,1562,41
0,0,0,0,6,0,0,16,11,20,21,138,0,6,3,41,108,25,124,10,32,43,203,18,19,59,21,1244
290,13,45,57,25,57,78,30,71,98,41,0,8,6,0,5,9,0,0,8,5,0,0,0,0,0,0,0
11,1098,96,130,100,104,28,138,23,0,0,0,44,58,13,44,20,11,3,0,0,0,0,0,0,0,0,0
55,96,1329,77,107,91,78,119,110,20,0,0,16,25,6,49,76,10,9,13,0,5,0,0,0,0,0,0
39,163,90,2184,84,15,6,65,15,0,0,0,132,94,61,64,13,72,10,0,0,0,0,30,20,5,0,0
91,46,64,67,1356,69,13,53,42,17,0,0,38,57,13,58,68,58,75,10,0,11,0,9,13,21,0,5
71,16,89,27,109,2189,93,133,150,113,19,0,63,27,5,20,75,6,7,73,16,9,0,0,0,0,0,0
19,31,20,79,42,43,1295,79,79,141,116,46,35,104,10,26,17,6,4,44,147,6,48,0,0,0,0,0
14,72,114,27,87,107,137,2511,72,51,21,0,13,50,19,65,121,20,63,57,14,139,0,7,8,14,0,36
33,11,86,95,70,176,107,107,2741,80,39,27,101,45,92,57,96,46,14,75,52,48,20,31,8,7,0,12
25,0,5,0,44,39,104,49,62,2584,112,81,0,98,78,51,72,204,61,79,140,15,163,12,57,12,0,9
16,0,0,0,0,5,41,25,39,66,2818,193,0,0,0,49,68,73,168,46,120,89,214,0,9,87,0,19
0,0,0,0,0,0,30,0,154,154,100,1976,0,0,0,0,300,0,131,107,38,148,50,0,0,9,0,50
59,9,101,43,50,53,5,10,4,0,0,0,1310,47,115,31,12,98,10,0,0,0,0,97,90,9,62,0
19,75,11,74,38,97,71,51,9,5,0,0,60,1445,80,34,34,113,60,11,0,12,0,19,58,122,33,13
0,20,13,80,11,9,49,103,147,9,0,0,120,46,2110,80,22,80,28,5,0,11,0,131,93,45,50,10
20,113,33,21,44,7,59,22,41,11,5,0,10,27,20,764,36,52,52,16,11,34,0,16,8,32,9,133
22,11,113,6,44,63,14,130,55,142,35,11,35,37,34,65,3277,79,126,80,36,108,29,115,60,16,20,68
0,11,8,91,43,8,6,7,49,171,13,0,31,96,64,26,100,2541,83,24,7,30,0,55,95,76,9,45
0,6,9,5,41,7,11,35,6,39,172,17,4,21,22,70,35,78,2150,67,36,118,9,28,38,121,56,90
23,0,8,0,5,72,45,31,85,37,73,28,0,26,53,22,45,39,28,1020,50,56,18,69,85,41,75,8
15,0,0,0,0,8,71,5,38,165,93,201,0,0,0,20,33,56,29,36,1550,19,128,0,42,59,8,36
0,0,13,0,8,29,18,79,86,14,52,213,0,5,33,31,189,46,72,44,68,1786,29,81,33,25,74,88
0,0,0,0,0,0,6,0,5,69,322,225,0,0,0,0,30,0,57,35,64,41,2238,0,0,43,0,62
0,0,0,5,5,0,0,5,34,20,0,0,40,7,25,65,376,142,43,15,0,6,0,1390,71,25,90,11
0,0,0,7,6,0,0,6,5,16,10,0,85,69,137,6,37,37,70,118,10,29,0,82,1570,90,138,20
0,0,0,6,11,0,0,7,9,8,43,26,8,76,37,70,10,214,40,28,182,68,16,43,94,2085,51,162
0,0,0,0,0,0,0,0,0,0,0,0,6,5,93,5,5,11,34,15,8,177,0,178,32,70,1573,42
0,0,0,0,6,0,0,14,10,19,21,124,0,5,13,43,119,28,135,10,30,41,192,17,18,50,19,1214
288,13,51,49,22,56,76,30,69,92,41,0,7,6,0,5,9,0,0,7,4,0,0,0,0,0,0,0
10,1020,99,106,83,93,24,127,21,0,0,0,37,53,11,42,19,10,3,0,0,0,0,0,0,0,0,0
49,89,1362,61,87,81,68,109,98,18,0,0,13,23,5,47,71,10,9,11,0,13,0,0,0,0,0,0
41,172,106,2001,78,15,6,68,15,0,0,0,129,101,64,71,14,84,11,0,0,0,0,27,18,5,0,0
100,51,79,64,1308,73,13,57,45,17,0,0,38,63,14,67,78,70,92,10,0,12,0,8,12,24,0,5
69,16,100,23,95,2107,88,133,146,105,19,0,56,27,5,21,77,6,7,68,17,9,0,0,0,0,0,0
18,31,22,69,37,41,1207,78,76,132,116,48,32,101,10,26,17,6,4,41,160,5,45,0,0,0,0,0
14,70,125,23,76,101,127,2459,68,47,21,0,12,49,18,68,123,21,69,53,15,138,0,6,7,14,0,32
31,10,92,82,61,163,97,105,2604,72,38,26,92,45,87,59,98,49,15,70,56,47,18,26,7,7,0,11
25,0,5,0,39,37,97,48,60,2402,111,82,0,100,79,53,75,224,68,75,155,16,152,10,48,12,0,9
3,0,0,0,0,5,39,25,37,60,2748,192,0,0,0,51,69,80,182,43,126,85,188,0,8,87,0,17
0,0,0,0,0,0,27,0,142,136,94,1925,0,0,0,0,293,0,137,95,39,136,43,0,0,9,0,41
61,10,118,39,45,53,5,9,4,0,0,0,1222,47,114,33,13,109,11,0,0,0,0,87,79,9,55,0
18,72,12,62,33,92,66,49,9,5,0,0,53,1393,75,34,34,118,65,10,0,11,0,16,47,125,27,12
0,20,14,69,10,8,46,103,143,8,0,0,108,45,1987,82,22,84,30,4,0,10,0,110,76,46,42,9
21,121,39,20,43,8,62,24,44,11,5,0,10,29,22,890,41,63,64,16,13,37,0,15,7,37,9,137
23,11,131,6,40,64,14,136,56,140,37,11,34,39,36,73,3607,93,152,81,42,117,29,107,54,18,18,68
0,11,8,81,40,8,6,7,50,171,14,0,30,101,65,29,110,2911,98,24,7,32,0,49,84,85,8,44
0,6,10,5,36,7,11,35,6,36,169,17,5,20,21,73,36,84,2390,63,39,118,8,24,32,128,47,85
24,0,9,0,5,71,44,32,85,35,74,28,0,27,53,24,48,43,31,980,55,57,16,62,73,44,65,7
13,0,0,0,0,7,62,5,34,144,87,194,0,0,0,19,31,57,29,32,1581,17,110,0,33,56,7,30
0,0,14,0,7,27,17,77,81,12,51,210,0,5,30,31,189,48,76,40,71,1693,25,67,26,25,59,76
0,0,0,0,0,0,6,0,5,65,327,237,0,0,0,0,31,0,64,34,72,42,2118,0,0,46,0,56
0,0,0,5,5,0,0,5,36,20,0,0,40,8,27,75,424,170,52,16,0,6,0,1298,65,28,83,11
0,0,0,7,5,0,0,6,4,16,10,0,82,75,143,7,42,43,85,122,12,32,0,76,1430,104,128,20
0,0,0,5,9,0,0,6,8,7,38,24,6,68,31,66,9,207,40,24,177,60,14,32,69,1936,38,134
0,0,0,0,0,0,0,0,0,0,0,0,6,5,101,6,5,13,42,15,9,200,0,171,30,83,1507,44
0,0,0,0,5,0,0,15,10,18,22,131,0,5,8,47,129,31,157,10,35,43,184,16,15,54,16,1151
294,14,64,52,21,58,74,29,65,85,37,0,7,5,0,5,9,0,0,7,3,0,0,0,0,0,0,0
9,1020,111,104,72,85,21,109,18,0,0,0,34,45,10,40,17,8,3,0,0,0,0,0,0,0,0,0
46,93,1585,62,79,77,61,97,86,15,0,0,12,20,5,46,65,8,7,10,0,2,0,0,0,0,0,0
36,164,111,1832,64,13,5,55,12,0,0,0,112,83,52,65,12,57,9,0,0,0,0,23,16,4,0,0
99,54,94,65,1193,70,12,52,40,15,0,0,36,58,13,68,75,53,72,9,0,11,0,7,12,21,0,5
67,17,121,24,88,2040,81,122,132,94,17,0,52,24,4,21,73,5,6,62,14,8,0,0,0,0,0,0
18,34,27,73,35,41,1122,73,71,121,103,46,31,93,9,27,17,5,4,40,132,5,41,0,0,0,0,0
14,79,158,25,75,104,123,2387,65,44,19,0,12,48,17,73,126,17,58,53,13,129,0,6,7,13,0,29
31,11,111,88,59,163,91,100,2454,66,33,25,94,43,82,63,99,39,13,69,47,44,17,25,7,7,0,10
25,0,6,0,38,37,92,46,57,2234,99,80,0,98,77,58,76,182,57,73,132,15,142,10,53,11,0,8
3,0,0,0,0,5,41,27,39,62,2681,201,0,0,0,60,76,70,162,45,112,83,182,0,9,85,0,16
0,0,0,0,0,0,27,0,139,129,87,1940,0,0,0,0,305,0,117,94,33,126,40,0,0,8,0,35
58,10,138,39,40,49,4,8,5,0,0,0,1131,41,100,32,12,80,9,0,0,0,0,80,80,8,55,0
19,82,15,69,33,98,66,49,9,4,0,0,55,1358,72,36,34,96,56,10,0,11,0,16,53,119,30,11
0,21,18,75,10,8,45,101,138,8,0,0,110,43,1876,88,22,66,25,4,0,9,0,106,82,43,44,8
22,141,52,22,45,8,66,25,46,11,5,0,11,30,23,1036,44,54,57,17,11,38,0,16,8,37,10,134
25,13,174,6,41,69,14,141,57,141,35,12,37,40,38,85,3947,81,139,86,39,120,28,114,64,19,21,67
0,16,13,113,51,10,7,8,65,215,16,0,38,128,81,41,150,3085,109,31,8,40,0,64,121,106,11,54
0,8,15,6,45,8,13,43,7,44,196,21,4,24,26,101,47,86,2573,79,42,142,9,30,44,153,64,100
24,0,11,0,5,73,43,30,80,32,65,27,0,26,51,25,47,34,26,942,45,52,15,62,79,40,67,6
15,0,0,0,0,8,70,5,38,160,93,227,0,0,0,23,37,53,29,36,1578,18,119,0,42,59,8,30
0,0,18,0,7,29,17,79,83,12,48,214,0,5,30,35,201,39,66,41,62,1623,24,67,29,24,63,69
0,0,0,0,0,0,5,0,5,61,299,236,0,0,0,0,32,0,54,33,61,39,1980,0,0,43,0,49
0,0,0,4,5,0,0,5,32,18,0,0,38,7,24,76,407,127,41,15,0,6,0,1183,66,25,84,9
0,0,0,6,5,0,0,5,4,13,8,0,70,61,116,6,36,30,61,103,9,26,0,62,1333,83,117,16
0,0,0,5,9,0,0,7,8,7,37,24,7,70,31,77,10,175,35,25,159,59,13,32,79,1896,42,127
0,0,0,0,0,0,0,0,0,0,0,0,6,5,87,6,5,10,32,13,7,168,0,150,29,70,1454,37
0,0,0,0,5,0,0,15,10,18,21,131,0,5,3,53,137,26,137,10,31,41,175,16,17,51,18,1051
282,14,60,53,22,60,73,30,68,86,43,0,7,5,0,5,9,0,0,7,5,0,0,0,0,0,0,0
9,1057,106,112,77,88,21,116,19,0,0,0,35,45,10,41,17,8,2,0,0,0,0,0,0,0,0,0
54,118,1827,79,103,96,74,127,111,19,0,0,15,24,5,58,79,9,8,12,0,3,0,0,0,0,0,0
32,155,96,1778,62,13,5,54,12,0,0,0,108,77,53,63,11,58,9,0,0,0,0,23,15,4,0,0
89,51,79,62,1125,65,11,49,38,14,0,0,33,52,12,64,68,51,69,8,0,10,0,7,11,19,0,5
62,17,109,24,88,2006,76,125,133,92,19,0,50,22,4,20,70,5,6,60,14,7,0,0,0,0,0,0
16,33,24,73,34,39,1029,72,70,117,113,49,29,85,9,25,16,5,3,38,132,5,45,0,0,0,0,0
13,74,137,25,73,99,112,2334,63,41,20,0,12,43,17,70,118,17,57,50,13,125,0,6,7,12,0,28
27,10,93,86,57,150,81,97,2345,62,35,25,89,40,81,59,92,38,13,64,46,43,18,24,7,6,0,10
22,0,6,0,38,35,83,45,55,2095,105,81,0,91,79,55,71,183,57,69,129,14,157,10,49,11,0,8
4,0,0,0,0,4,35,25,35,55,2673,189,0,0,0,54,66,66,147,39,100,72,178,0,8,73,0,14
0,0,0,0,0,0,25,0,138,124,95,2019,0,0,0,0,293,0,118,90,32,122,43,0,0,8,0,32
52,9,121,38,39,47,4,8,3,0,0,0,1068,37,99,30,11,80,9,0,0,0,0,79,75,8,49,0
18,81,13,70,33,99,63,50,9,4,0,0,54,1289,74,36,33,98,57,10,0,11,0,16,50,118,27,12
0,19,15,71,9,8,40,97,131,7,0,0,101,39,1783,81,20,62,23,4,0,9,0,99,72,39,37,8
23,151,52,25,51,9,71,29,53,12,5,0,12,33,26,1174,49,64,67,19,13,43,0,18,8,41,10,154
25,14,168,6,44,74,14,155,63,150,42,13,40,42,43,92,4205,93,157,93,43,134,35,127,67,20,20,74
0,14,11,105,48,10,6,8,63,203,17,0,35,115,79,38,140,3023,106,29,8,38,0,61,109,99,10,52
0,7,13,6,45,8,12,43,7,42,211,21,4,22,26,98,45,86,2558,76,41,140,10,30,41,147,56,99
23,0,10,0,5,72,41,30,80,32,71,27,0,25,54,25,46,35,26,912,45,52,16,64,75,39,60,6
13,0,0,0,0,7,61,5,35,146,97,224,0,0,0,21,33,51,27,33,1484,17,124,0,37,52,7,26
0,0,15,0,7,27,16,78,82,12,52,218,0,4,30,33,190,39,64,39,60,1549,25,65,26,22,53,65
0,0,0,0,0,0,5,0,5,50,285,214,0,0,0,0,26,0,47,28,53,33,1916,0,0,36,0,41
0,0,0,4,5,0,0,4,31,16,0,0,35,7,24,71,375,124,40,14,0,6,0,1120,59,23,72,9
0,0,0,7,5,0,0,5,5,13,9,0,71,61,124,6,37,32,66,106,10,27,0,65,1321,86,110,17
0,0,0,5,10,0,0,7,8,7,41,25,6,67,31,77,10,181,36,25,161,60,14,32,73,1835,37,127
0,0,0,0,0,0,0,0,0,0,0,0,6,5,94,6,5,10,34,14,7,179,0,160,29,73,1392,39
0,0,0,0,5,0,0,14,10,17,22,127,0,5,12,49,125,25,130,10,29,39,181,14,15,46,14,963
268,11,52,47,19,51,75,26,63,84,39,0,6,5,0,5,8,0,0,6,4,0,0,0,0,0,0,0
9,1021,110,122,83,87,25,122,20,0,0,0,42,51,11,44,18,9,12,0,0,0,0,0,0,0,0,0
60,111,1863,84,109,94,87,129,122,21,0,0,17,27,6,61,84,10,8,13,0,4,0,0,0,0,0,0
34,134,89,1723,60,11,5,51,12,0,0,0,123,80,56,63,11,64,8,0,0,0,0,23,16,4,0,0
93,44,74,60,1078,58,11,45,38,15,0,0,37,54,13,63,68,56,68,8,0,10,0,7,11,20,0,5
66,16,108,24,89,1899,88,124,142,104,19,0,56,23,4,21,73,5,5,62,16,7,0,0,0,0,0,0
14,25,20,63,29,31,992,60,63,111,98,41,29,76,8,22,14,5,14,34,128,4,38,0,0,0,0,0
14,66,134,25,73,93,127,2279,65,45,20,0,13,46,18,72,121,19,58,52,15,125,0,6,7,14,0,29
26,9,83,81,53,129,85,89,2285,63,32,23,98,40,82,57,88,40,12,63,49,40,17,23,7,6,0,9
21,0,5,0,33,28,82,38,50,2005,92,68,0,87,77,50,63,183,50,63,128,13,133,10,47,10,0,8
3,0,0,0,0,4,40,25,37,61,2690,182,0,0,0,57,68,76,149,40,110,69,167,0,8,79,0,14
0,0,0,0,0,0,28,0,146,138,97,1999,0,0,0,0,306,0,122,94,37,120,41,0,0,9,0,32
48,8,102,33,33,38,4,7,3,0,0,0,1048,34,92,26,9,77,8,0,0,0,0,72,71,8,49,0
17,64,12,63,30,83,65,43,8,4,0,0,56,1217,71,32,30,99,51,9,0,10,0,15,49,119,28,11
0,16,13,65,9,7,42,87,126,7,0,0,106,37,1743,76,19,63,21,4,0,8,0,94,70,39,38,8
24,132,50,25,51,8,82,28,56,13,5,0,13,36,29,1227,51,73,69,20,15,44,0,18,9,46,11,164
26,12,159,6,43,67,16,148,64,163,41,12,45,45,47,94,4284,106,161,96,48,134,33,133,72,22,22,78
0,11,9,91,43,8,6,7,59,202,15,0,35,108,76,35,129,3054,96,27,8,34,0,57,106,99,10,50
0,7,12,5,43,7,13,41,7,45,203,19,4,23,27,97,44,94,2517,75,43,133,9,30,42,157,60,101
23,0,9,0,4,63,44,27,78,32,66,24,0,25,54,24,43,37,24,867,47,47,14,64,75,39,62,6
12,0,0,0,0,6,60,4,31,141,85,191,0,0,0,19,29,50,23,30,1460,14,104,0,35,49,6,23
0,0,15,0,7,25,18,75,84,13,51,203,0,4,31,33,190,42,62,39,65,1465,23,65,27,22,57,63
0,0,0,0,0,0,5,0,5,55,289,211,0,0,0,0,27,0,48,29,61,32,1862,0,0,40,0,41
0,0,0,4,4,0,0,4,29,16,0,0,37,7,24,68,355,130,37,13,0,5,0,1076,59,24,76,9
0,0,0,6,5,0,0,5,3,13,8,0,71,58,119,6,34,32,60,98,10,24,0,60,1268,85,112,16
0,0,0,5,9,0,0,6,8,7,36,21,6,63,29,71,9,180,32,23,160,52,12,28,68,1776,36,116
0,0,0,0,0,0,0,0,0,0,0,0,6,5,85,5,5,10,28,12,7,148,0,140,27,68,1328,35
0,0,0,0,5,0,0,13,9,17,20,112,0,5,2,47,120,26,124,9,31,36,160,14,14,47,14,919
265,13,53,49,21,57,75,31,66,82,40,0,6,5,0,5,8,0,0,6,3,0,0,0,0,0,0,0
8,1002,91,108,75,78,20,116,17,0,0,0,35,42,10,41,16,8,2,0,0,0,0,0,0,0,0,0
56,130,1801,87,116,100,82,146,121,20,0,0,16,26,5,66,88,10,8,12,0,2,0,0,0,0,0,0
30,146,81,1667,59,11,5,53,11,0,0,0,112,74,54,65,11,60,9,0,0,0,0,25,16,4,0,0
83,48,67,58,1061,57,10,47,35,13,0,0,33,49,12,64,67,52,71,8,0,11,0,7,11,20,0,4
56,17,95,22,84,1807,73,125,127,87,17,0,47,20,4,20,69,4,5,55,14,7,0,0,0,0,0,0
14,31,20,70,33,35,981,72,67,111,104,50,29,77,8,25,16,4,3,36,137,5,44,0,0,0,0,0
11,67,115,23,69,87,105,2284,57,38,18,0,11,40,16,70,114,17,58,46,13,126,0,6,6,12,0,28
23,9,77,83,56,132,77,99,2243,58,31,25,94,39,81,62,93,39,13,62,49,45,18,25,7,6,0,10
20,0,5,0,36,30,78,44,50,1917,91,77,0,88,82,57,69,186,57,64,132,14,146,12,50,11,0,8
13,0,0,0,0,4,38,28,38,57,2619,199,0,0,0,64,73,77,162,39,107,75,170,0,9,79,0,14
0,0,0,0,0,0,23,0,131,115,85,1990,0,0,0,0,294,0,123,84,32,118,38,0,0,8,0,30
47,9,105,36,37,42,4,8,3,0,0,0,1050,34,97,29,10,80,9,0,0,0,0,89,79,8,58,0
16,71,11,63,30,87,59,47,8,4,0,0,52,1148,69,34,31,94,56,9,0,11,0,16,50,121,29,12
0,17,12,65,9,7,38,97,124,6,0,0,99,36,1697,81,19,60,22,4,0,8,0,105,71,40,41,8
21,139,45,24,51,8,73,30,53,11,5,0,12,33,27,1283,51,68,72,19,14,47,0,19,9,45,11,175
23,13,144,6,43,68,14,158,61,145,37,12,41,41,46,99,4351,100,172,92,46,146,33,146,71,22,23,83
0,12,9,94,46,8,6,8,61,196,15,0,33,108,78,40,143,3096,111,28,8,40,0,66,114,107,10,58
0,7,11,5,42,7,12,43,6,39,180,19,3,20,24,98,43,83,2532,68,39,137,8,31,40,148,59,103
21,0,8,0,4,65,40,29,75,29,61,25,0,24,54,25,44,35,25,828,44,50,14,71,75,38,64,6
11,0,0,0,0,6,56,4,31,134,85,215,0,0,0,21,31,50,26,30,1471,15,110,0,36,49,7,24
0,0,12,0,6,23,15,75,75,11,44,196,0,4,27,32,180,36,60,34,56,1424,21,65,24,20,52,59
0,0,0,0,0,0,4,0,4,46,257,213,0,0,0,0,25,0,48,26,55,33,1790,0,0,37,0,40
0,0,0,4,4,0,0,4,26,13,0,0,31,6,21,66,335,113,36,11,0,5,0,1087,54,22,74,8
0,0,0,6,4,0,0,5,3,11,8,0,63,53,112,6,34,29,63,92,9,26,0,64,1248,84,116,17
0,0,0,5,9,0,0,6,8,6,34,23,6,60,28,78,10,173,35,23,154,57,12,30,68,1763,37,124
0,0,0,0,0,0,0,0,0,0,0,0,5,4,77,5,4,9,29,10,6,152,0,144,25,64,1324,36
0,0,0,0,4,0,0,13,8,15,18,110,0,4,2,47,118,23,126,8,28,37,153,14,13,44,14,918
253,11,44,45,18,53,73,25,63,83,39,0,4,3,0,3,6,0,0,4,3,0,0,0,0,0,0,0
7,1045,85,117,80,81,20,113,17,0,0,0,35,46,10,38,16,7,1,0,0,0,0,0,0,0,0,0
55,130,1645,88,120,100,84,137,127,21,0,0,15,27,4,61,85,9,7,12,0,1,0,0,0,0,0,0
27,139,69,1648,57,9,3,47,10,0,0,0,110,77,58,58,9,63,8,0,0,0,0,22,15,2,0,0
84,45,59,57,1071,55,8,42,34,13,0,0,31,51,12,58,65,56,72,7,0,9,0,5,10,19,0,3
53,15,83,20,82,1772,73,113,128,93,16,0,43,19,2,17,64,3,4,53,12,5,0,0,0,0,0,0
11,27,15,65,30,31,937,60,63,112,100,43,25,74,7,20,13,3,2,33,129,3,43,0,0,0,0,0
11,69,111,24,76,94,116,2305,63,43,19,0,10,45,17,69,121,18,64,50,13,131,0,4,5,12,0,27
20,7,63,79,53,123,73,86,2219,58,29,21,89,38,84,54,87,39,12,59,47,41,17,21,5,5,0,8
16,0,3,0,32,25,69,35,45,1844,82,62,0,84,82,45,59,180,52,57,117,11,138,9,44,9,0,6
10,0,0,0,0,3,35,23,35,57,2560,171,0,0,0,55,66,78,154,35,97,64,161,0,7,73,0,10
0,0,0,0,0,0,24,0,142,131,93,1979,0,0,0,0,308,0,134,89,32,117,40,0,0,7,0,26
44,7,90,34,34,38,2,5,2,0,0,0,1012,33,102,24,8,83,8,0,0,0,0,81,78,7,58,0
13,62,8,57,27,79,55,39,6,2,0,0,46,1117,68,27,26,91,51,7,0,8,0,12,45,114,26,9
0,13,9,59,7,5,35,83,118,5,0,0,90,34,1726,68,16,58,20,3,0,6,0,89,65,36,37,6
21,143,42,24,56,7,82,30,60,12,4,0,12,38,32,1313,54,81,81,19,14,49,0,18,8,50,10,177
22,11,128,4,42,67,13,147,62,158,37,10,40,44,51,92,4395,111,182,94,46,144,35,140,73,22,22,77
0,9,6,85,42,6,4,6,58,199,14,0,29,106,78,33,131,3146,106,25,6,35,0,56,107,103,9,49
0,5,8,3,42,6,11,40,5,42,186,16,1,20,25,90,41,89,2626,68,37,131,7,27,39,152,59,94
18,0,6,0,3,61,38,24,73,28,59,21,0,23,56,21,40,35,23,795,40,44,13,64,71,35,60,4
9,0,0,0,0,4,56,3,30,144,87,199,0,0,0,18,28,52,25,29,1469,13,114,0,35,47,5,19
0,0,10,0,5,23,14,73,83,11,47,190,0,3,30,30,187,39,64,35,58,1419,21,62,23,19,52,54
0,0,0,0,0,0,3,0,2,45,253,189,0,0,0,0,22,0,46,23,51,28,1801,0,0,35,0,32
0,0,0,2,3,0,0,2,27,14,0,0,32,5,24,65,358,133,40,11,0,4,0,1114,59,23,83,7
0,0,0,4,3,0,0,3,1,10,6,0,60,54,120,4,31,30,63,91,7,23,0,57,1252,85,116,15
0,0,0,3,7,0,0,5,7,5,34,19,4,63,29,71,8,184,34,22,152,52,11,25,65,1767,34,109
0,0,0,0,0,0,0,0,0,0,0,0,3,3,85,3,3,8,28,9,5,144,0,134,24,65,1364,31
0,0,0,0,3,0,0,12,8,16,19,109,0,3,3,46,127,25,142,8,29,37,171,12,13,47,13,901
254,9,40,44,18,53,84,28,67,85,41,0,4,4,0,3,6,0,0,4,2,0,0,0,0,0,0,0
8,988,87,133,91,90,26,141,21,0,0,0,43,58,11,42,18,7,1,0,0,0,0,0,0,0,0,0
53,106,1432,86,117,96,92,147,131,21,0,0,15,29,4,58,84,8,6,11,0,1,0,0,0,0,0,0
28,117,62,1645,57,9,4,52,11,0,0,0,119,87,60,58,10,61,7,0,0,0,0,26,17,3,0,0
89,40,55,59,1096,56,10,48,38,13,0,0,34,59,13,59,69,54,68,7,0,10,0,6,11,21,0,3
53,12,74,20,81,1728,82,125,135,95,16,0,44,21,2,16,65,3,4,54,14,5,0,0,0,0,0,0
10,21,13,60,28,29,976,62,62,107,97,43,24,75,7,18,13,3,2,32,133,3,40,0,0,0,0,0
10,53,92,22,70,85,121,2337,61,40,18,0,10,46,16,63,114,16,54,48,14,125,0,4,5,12,0,27
20,6,54,76,51,116,80,93,2273,57,29,21,93,42,82,52,87,35,10,60,51,41,17,22,5,5,0,8
17,0,3,0,32,24,78,39,47,1861,83,64,0,95,84,45,60,168,47,58,129,12,136,10,47,9,0,6
3,0,0,0,0,3,40,27,38,58,2562,175,0,0,0,55,68,74,137,35,103,63,152,0,7,74,0,10
0,0,0,0,0,0,25,0,142,125,89,1947,0,0,0,0,299,0,116,85,33,110,36,0,0,7,0,25
42,6,78,32,32,36,2,6,2,0,0,0,1014,35,97,22,8,74,7,0,0,0,0,86,81,7,59,0
12,49,7,54,26,75,60,41,6,2,0,0,47,1190,66,25,25,81,45,7,0,8,0,13,47,116,27,10
0,11,8,61,7,5,41,96,130,5,0,0,99,40,1789,70,17,55,18,2,0,7,0,101,72,40,40,6
21,112,37,23,55,7,92,32,63,12,4,0,12,42,32,1283,55,75,73,20,15,50,0,20,9,52,11,189
23,9,113,4,41,65,15,161,66,159,37,10,42,49,52,91,4469,104,166,97,50,149,34,153,78,23,23,84
0,8,6,88,45,7,5,7,68,222,15,0,32,127,85,35,146,3174,105,28,7,40,0,67,125,119,10,59
0,5,9,4,47,6,14,50,6,48,209,18,2,24,27,99,47,91,2628,78,45,148,8,33,46,176,66,113
19,0,5,0,3,59,43,26,76,28,58,21,0,25,56,20,40,32,20,792,43,43,12,69,73,36,59,4
9,0,0,0,0,4,58,3,29,138,83,197,0,0,0,16,27,46,21,28,1510,12,104,0,35,45,5,18
0,0,9,0,5,22,16,80,88,11,48,192,0,3,30,29,190,36,56,35,61,1397,20,65,24,19,51,54
0,0,0,0,0,0,3,0,3,47,265,203,0,0,0,0,23,0,43,24,58,29,1817,0,0,38,0,35
0,0,0,2,3,0,0,3,27,13,0,0,32,5,23,60,343,117,34,11,0,4,0,1144,59,23,82,7
0,0,0,4,3,0,0,3,2,10,6,0,60,59,115,4,31,27,55,91,8,23,0,60,1286,87,116,16
0,0,0,3,8,0,0,5,7,5,34,20,5,70,28,71,8,169,30,22,164,52,11,27,67,1802,33,114
0,0,0,0,0,0,0,0,0,0,0,0,4,3,86,3,3,8,26,9,5,148,0,147,26,70,1416,34
0,0,0,0,3,0,0,13,8,16,18,105,0,3,1,44,125,22,124,8,30,36,157,13,13,47,12,898
266,11,39,46,20,60,78,27,67,81,44,0,4,3,0,3,6,0,0,4,4,0,0,0,0,0,0,0
7,949,71,117,81,82,20,112,17,0,0,0,35,43,8,34,15,6,5,0,0,0,0,0,0,0,0,0
49,110,1247,81,113,94,76,126,116,18,0,0,13,24,4,51,72,7,6,10,0,1,0,0,0,0,0,0
29,133,59,1684,60,10,4,48,11,0,0,0,115,78,56,57,10,55,8,0,0,0,0,24,16,3,0,0
93,46,53,62,1152,60,9,45,37,13,0,0,33,53,12,58,67,49,68,7,0,10,0,6,10,19,0,4
52,14,68,20,81,1762,70,111,126,84,17,0,39,17,2,15,59,3,4,48,12,5,0,0,0,0,0,0
12,28,15,73,34,36,1011,67,71,117,120,53,27,76,7,20,14,3,2,36,139,3,53,0,0,0,0,0
12,66,98,26,83,102,120,2423,66,42,21,0,11,46,16,68,121,15,59,51,14,139,0,5,5,12,0,31
21,7,55,85,58,132,76,93,2366,57,32,23,97,40,80,55,90,33,11,61,49,45,21,22,5,5,0,9
19,0,3,0,37,29,76,39,50,1867,93,71,0,92,85,48,62,162,49,59,124,13,163,10,46,9,0,7
1,0,0,0,0,3,36,26,37,55,2657,175,0,0,0,55,65,67,133,33,88,60,160,0,7,62,0,11
0,0,0,0,0,0,23,0,139,116,93,1987,0,0,0,0,291,0,115,81,29,108,39,0,0,6,0,24
47,8,82,37,37,42,3,6,2,0,0,0,1054,33,96,23,8,71,8,0,0,0,0,89,81,7,57,0
16,66,8,68,33,99,65,46,7,3,0,0,55,1261,72,29,29,86,53,8,0,11,0,15,51,123,28,13
0,14,9,70,9,6,41,102,143,6,0,0,107,39,1815,76,18,54,20,3,0,8,0,105,72,39,39,8
21,124,35,24,58,8,85,31,63,12,4,0,12,38,30,1273,54,67,73,19,14,52,0,19,8,46,9,199
25,11,114,5,45,74,14,158,68,156,40,11,43,46,50,94,4538,98,174,97,47,159,40,151,73,21,21,92
0,10,6,96,51,8,5,7,73,226,18,0,33,121,84,38,154,3058,113,29,7,44,0,68,122,114,9,67
0,6,9,4,50,7,13,48,7,46,218,19,3,22,25,97,45,80,2562,74,39,147,9,30,40,152,56,117
21,0,6,0,3,70,43,27,82,29,65,22,0,25,55,21,41,31,21,800,41,46,14,70,70,33,53,5
11,0,0,0,0,5,60,3,33,149,100,229,0,0,0,18,30,47,23,30,1534,14,130,0,36,44,5,21
0,0,9,0,6,25,16,80,92,12,52,200,0,3,28,30,192,33,56,35,56,1419,22,62,22,17,43,55
0,0,0,0,0,0,3,0,3,41,259,194,0,0,0,0,21,0,40,22,48,27,1864,0,0,31,0,32
0,0,0,3,3,0,0,3,29,14,0,0,35,6,24,67,375,119,38,12,0,5,0,1217,61,24,82,9
0,0,0,5,4,0,0,4,3,11,8,0,67,61,122,5,35,28,63,100,8,28,0,64,1334,89,117,20
0,0,0,4,10,0,0,6,9,6,43,24,5,75,30,84,10,178,35,26,172,62,14,28,69,1811,33,136
0,0,0,0,0,0,0,0,0,0,0,0,5,4,93,4,3,8,30,11,6,174,0,160,27,71,1426,42
0,0,0,0,4,0,0,12,9,16,20,108,0,4,5,45,128,21,128,8,28,38,177,12,12,42,11,950
288,13,44,49,19,59,83,27,62,80,36,0,5,4,0,3,5,0,0,4,2,0,0,0,0,0,0,0
8,1008,75,121,75,75,20,105,15,0,0,0,36,44,8,31,13,5,4,0,0,0,0,0,0,0,0,0
45,106,1179,74,94,78,67,107,92,15,0,0,12,22,3,41,53,6,5,8,0,1,0,0,0,0,0,0
31,144,63,1741,56,10,4,46,10,0,0,0,123,82,55,54,9,52,7,0,0,0,0,24,17,3,0,0
110,55,64,72,1180,62,10,47,36,14,0,0,39,61,13,60,63,50,64,8,0,10,0,7,12,21,0,4
60,17,83,23,84,1828,78,118,126,89,15,0,45,20,3,16,55,3,4,49,12,5,0,0,0,0,0,0
13,32,16,77,32,35,1031,65,65,113,94,44,29,78,7,19,13,3,3,34,126,3,43,0,0,0,0,0
14,74,111,28,82,101,127,2436,63,41,17,0,13,50,16,66,108,15,52,50,13,128,0,5,6,12,0,30
25,9,64,97,60,135,84,99,2389,60,27,20,115,47,86,57,85,34,11,63,49,44,19,23,6,5,0,10
22,0,3,0,37,29,82,41,48,1880,75,59,0,104,90,48,57,160,44,58,116,12,136,11,51,10,0,7
2,0,0,0,0,4,49,34,46,69,2675,181,0,0,0,70,75,84,146,40,101,67,159,0,10,76,0,12
0,0,0,0,0,0,29,0,159,137,89,1964,0,0,0,0,313,0,123,93,32,116,37,0,0,8,0,26
49,8,88,38,34,39,3,6,4,0,0,0,1095,33,93,21,7,65,7,0,0,0,0,85,85,8,63,0
16,70,9,70,31,92,66,44,6,3,0,0,58,1286,69,27,24,78,44,7,0,9,0,14,53,119,31,12
0,16,10,75,9,6,43,102,134,6,0,0,116,43,1815,73,16,51,18,3,0,7,0,103,78,40,44,8
23,136,39,26,57,8,91,32,61,12,4,0,14,43,31,1265,49,67,66,19,13,48,0,19,9,48,11,196
31,13,140,6,47,80,17,173,70,168,34,10,52,54,57,100,4477,104,168,103,48,160,36,164,87,24,25,97
0,11,7,100,49,8,5,8,69,220,14,0,35,128,83,36,135,2909,98,28,7,40,0,66,131,115,11,65
0,7,11,5,55,8,16,55,7,51,191,17,3,26,27,105,45,84,2471,78,39,146,8,32,48,167,68,124
25,0,7,0,4,72,48,28,81,30,53,19,0,28,59,22,38,31,19,789,38,42,12,72,77,33,60,5
13,0,0,0,0,5,68,4,33,159,86,204,0,0,0,20,29,50,22,32,1511,14,113,0,42,46,6,20
0,0,12,0,7,29,19,93,101,13,47,185,0,4,33,33,197,36,56,39,58,1435,20,68,26,19,52,57
0,0,0,0,0,0,4,0,3,51,264,204,0,0,0,0,24,0,45,27,57,32,1930,0,0,41,0,39
0,0,0,3,3,0,0,3,29,15,0,0,41,7,26,69,349,121,35,12,0,5,0,1269,70,26,99,9
0,0,0,5,3,0,0,4,17,11,6,0,70,63,117,5,30,25,53,92,7,24,0,59,1376,86,125,18
0,0,0,5,10,0,0,7,9,7,34,19,6,82,30,83,10,171,31,25,156,55,11,27,72,1782,35,127
0,0,0,0,0,0,0,0,0,0,0,0,5,4,86,4,3,8,24,10,5,142,0,143,27,66,1456,37
0,0,0,0,4,0,0,15,9,18,18,101,0,4,2,53,135,24,133,10,30,40,163,14,15,49,13,1033
295,13,47,46,21,65,91,29,68,90,47,0,5,4,0,3,5,0,0,5,2,0,0,0,0,0,0,0
8,1068,83,121,86,84,22,113,18,0,0,0,36,46,8,30,13,6,14,0,0,0,0,0,0,0,0,0
44,106,1204,69,100,81,70,108,96,17,0,0,12,22,3,36,50,6,5,10,0,2,0,0,0,0,0,0
34,158,70,1765,65,11,5,51,12,0,0,0,129,89,59,53,10,56,8,0,0,0,0,22,18,4,0,0
106,53,63,65,1202,62,10,45,37,14,0,0,35,58,12,51,58,47,66,8,0,12,0,6,11,22,0,4
58,17,83,21,86,1857,80,116,129,95,18,0,40,19,2,14,51,3,4,52,14,6,0,0,0,0,0,0
12,31,17,71,34,36,1051,64,67,122,117,53,27,74,6,16,12,3,2,37,148,4,56,0,0,0,0,0
14,72,113,26,87,105,131,2437,65,45,21,0,12,49,15,58,102,15,56,55,16,140,0,4,6,13,0,32
24,9,62,87,62,135,84,97,2405,63,33,23,106,45,80,49,79,32,11,68,57,48,24,18,6,6,0,10
21,0,4,0,39,29,82,39,48,1937,89,66,0,99,84,41,51,146,45,61,131,13,164,9,44,10,0,8
2,0,0,0,0,4,42,29,40,62,2684,170,0,0,0,52,58,67,125,36,94,57,156,0,8,64,0,10
0,0,0,0,0,0,26,0,143,127,94,1962,0,0,0,0,258,0,114,87,32,107,39,0,0,7,0,22
53,10,102,40,41,45,3,7,4,0,0,0,1146,36,98,21,8,70,8,0,0,0,0,79,89,10,62,0
17,72,10,68,35,103,72,47,7,3,0,0,58,1329,69,25,24,78,50,9,0,11,0,13,51,136,28,14
0,16,10,72,10,7,46,108,147,7,0,0,115,44,1803,68,16,51,20,3,0,8,0,88,74,45,39,9
24,135,42,24,64,9,100,34,68,14,5,0,14,45,32,1181,49,67,74,22,17,57,0,16,9,54,10,215
31,13,142,5,49,84,18,173,74,181,42,12,49,53,54,89,4286,100,179,112,57,176,45,134,79,26,21,102
0,11,7,89,51,9,6,8,72,237,17,0,31,124,78,32,128,2765,104,30,8,44,0,53,118,123,9,69
0,7,11,5,55,9,16,52,8,52,216,18,3,23,24,86,39,73,2375,78,42,145,9,24,39,160,51,117
24,0,7,0,4,73,49,28,82,31,63,21,0,27,54,19,35,28,19,819,42,43,14,57,65,33,47,5
11,0,0,0,0,5,60,4,30,148,92,204,0,0,0,15,24,41,20,30,1519,13,120,0,33,41,5,17
0,0,12,0,7,28,19,89,101,14,55,198,0,4,29,28,177,32,55,40,63,1435,23,51,22,18,39,53
0,0,0,0,0,0,4,0,3,45,265,193,0,0,0,0,19,0,39,24,54,28,1947,0,0,35,0,32
0,0,0,4,4,0,0,4,35,18,0,0,45,8,28,71,380,135,44,15,0,6,0,1204,74,32,99,11
0,0,0,6,4,0,0,5,3,14,8,0,74,70,125,5,33,28,64,114,10,30,0,55,1407,104,120,22
0,0,0,5,11,0,0,7,10,8,41,22,6,80,28,74,9,161,32,28,179,59,14,21,63,1797,28,125
0,0,0,0,0,0,0,0,0,0,0,0,6,5,99,5,4,9,31,13,7,185,0,140,30,83,1452,45
0,0,0,0,5,0,0,15,10,20,23,113,0,4,6,47,130,23,141,11,35,44,198,11,14,51,11,1043
295,13,44,47,20,68,102,28,71,95,46,0,5,4,0,4,6,0,0,5,2,0,0,0,0,0,0,0
9,1089,83,137,89,93,26,119,20,0,0,0,43,51,10,29,15,6,6,0,0,0,0,0,0,0,0,0
48,110,1199,77,104,91,84,114,108,19,0,0,14,24,4,36,55,6,6,11,0,2,0,0,0,0,0,0
33,145,62,1761,60,11,5,48,12,0,0,0,137,90,64,48,10,55,8,0,0,0,0,27,20,4,0,0
117,55,63,73,1224,69,13,47,41,17,0,0,41,65,15,51,64,51,69,10,0,14,0,8,13,26,0,5
59,16,79,22,83,1930,89,115,135,101,18,0,43,20,3,13,52,3,4,53,14,6,0,0,0,0,0,0
12,28,15,71,31,36,1132,61,68,125,109,49,28,72,7,14,12,4,11,37,135,4,55,0,0,0,0,0
14,69,106,28,85,111,148,2415,69,48,20,0,14,52,17,55,106,15,55,57,16,156,0,5,7,15,0,34
23,8,56,89,58,136,91,94,2454,66,31,22,114,47,85,45,79,31,11,68,53,52,24,22,6,7,0,11
22,0,4,0,38,30,92,39,51,2040,84,61,0,104,93,38,52,146,43,61,121,15,163,11,47,11,0,8
2,0,0,0,0,5,52,32,46,72,2772,171,0,0,0,54,66,75,130,39,93,66,162,0,9,73,0,11
0,0,0,0,0,0,31,0,157,141,94,1927,0,0,0,0,280,0,118,93,31,121,40,0,0,9,0,24
51,9,91,40,37,44,4,6,2,0,0,0,1182,36,102,19,8,68,8,0,0,0,0,94,94,11,74,0
17,66,10,70,33,106,79,46,8,4,0,0,62,1351,74,23,24,77,48,9,0,13,0,15,55,147,34,15
0,14,9,69,10,7,47,99,143,7,0,0,116,43,1818,59,15,48,18,3,0,9,0,101,75,46,44,9
22,114,35,23,57,9,104,32,66,14,5,0,14,44,32,1027,47,63,67,22,15,58,0,19,9,55,11,211
30,12,123,6,44,82,19,159,72,178,37,10,49,52,55,77,4074,94,163,107,50,180,42,152,79,27,24,99
0,10,7,84,45,9,6,8,71,236,16,0,31,120,79,28,123,2601,95,29,7,46,0,61,121,128,11,69
0,7,11,5,54,10,19,54,8,57,205,17,3,24,25,81,41,72,2295,79,39,156,9,29,41,172,60,122
26,0,7,0,4,80,58,29,90,35,61,20,0,30,61,18,37,29,19,848,40,47,15,72,71,36,56,5
12,0,0,0,0,6,73,4,34,174,97,209,0,0,0,16,27,45,21,34,1545,15,130,0,39,48,6,19
0,0,12,0,7,30,22,89,108,16,53,182,0,4,31,26,183,32,53,41,58,1529,22,61,23,19,44,53
0,0,0,0,0,0,5,0,4,51,270,193,0,0,0,0,21,0,41,26,54,33,2056,0,0,42,0,35
0,0,0,3,4,0,0,4,29,15,0,0,39,7,25,52,311,109,34,13,0,6,0,1181,65,29,97,10
0,0,0,6,4,0,0,5,4,13,8,0,73,68,124,5,31,26,57,105,9,30,0,60,1387,105,133,22
0,0,0,5,11,0,0,7,11,8,39,20,6,84,30,70,10,159,31,28,163,63,14,24,65,1886,31,125
0,0,0,0,0,0,0,0,0,0,0,0,6,5,90,4,4,8,25,11,6,165,0,141,27,75,1441,39
0,0,0,0,5,0,0,16,11,22,22,104,0,5,3,45,137,23,140,11,33,49,194,14,15,56,13,1077
298,15,50,57,23,68,103,30,74,102,51,0,6,5,0,4,6,0,0,6,3,0,0,0,0,0,0,0
8,1105,84,151,92,82,24,111,19,0,0,0,42,51,11,27,14,7,6,0,0,0,0,0,0,0,0,0
42,112,1200,84,107,80,74,105,100,19,0,0,13,25,5,33,51,6,5,11,0,2,0,0,0,0,0,0
29,143,61,1851,60,10,5,44,11,0,0,0,130,89,72,44,10,54,8,0,0,0,0,29,20,4,0,0
108,57,65,81,1265,62,11,44,39,16,0,0,40,66,17,48,62,52,64,10,0,14,0,8,14,24,0,5
62,20,94,28,99,1978,92,124,146,114,21,0,47,23,4,14,57,4,4,60,16,7,0,0,0,0,0,0
13,36,19,95,39,39,1209,68,77,147,130,57,33,87,9,16,14,4,2,44,163,5,60,0,0,0,0,0
14,73,115,33,94,105,139,2387,68,49,21,0,14,56,21,54,106,16,53,59,17,152,0,6,7,15,0,35
23,9,61,106,65,132,89,96,2512,69,32,22,122,52,107,46,83,34,11,73,58,53,24,25,7,7,0,12
22,0,4,0,44,30,92,41,53,2176,90,62,0,118,120,39,55,159,43,66,132,15,156,13,53,11,0,9
2,0,0,0,0,5,51,33,48,76,2872,167,0,0,0,56,68,83,125,41,96,62,145,0,10,68,0,11
0,0,0,0,0,0,29,0,157,144,97,1887,0,0,0,0,287,0,115,96,32,115,36,0,0,8,0,23
49,10,99,48,41,42,4,7,4,0,0,0,1218,39,125,18,8,73,8,0,0,0,0,109,105,11,76,0
16,69,10,80,36,98,73,44,8,4,0,0,63,1422,88,22,24,79,45,9,0,13,0,17,59,139,33,15
0,13,9,71,10,6,40,88,126,7,0,0,107,42,1987,52,14,45,16,3,0,8,0,102,73,40,39,8
19,107,34,24,56,8,89,29,60,13,5,0,14,43,36,916,44,61,58,21,14,52,0,19,10,48,11,193
28,13,127,6,46,75,18,150,69,174,36,10,48,53,65,72,3934,94,148,105,50,167,37,163,81,25,23,95
0,10,7,87,45,8,6,7,65,222,15,0,29,117,88,25,114,2511,83,28,7,41,0,63,120,113,10,64
0,8,12,6,61,10,19,56,9,60,212,17,4,27,31,81,42,76,2178,83,40,150,9,32,44,162,58,121
26,0,8,0,5,78,57,29,92,36,63,19,0,33,77,18,38,31,19,883,42,45,14,82,76,33,53,6
11,0,0,0,0,6,67,4,33,175,97,198,0,0,0,15,27,47,20,34,1572,14,115,0,41,43,6,18
0,0,14,0,9,31,23,100,122,18,60,192,0,5,42,29,207,37,55,47,66,1597,22,74,26,19,45,55
0,0,0,0,0,0,5,0,4,58,311,212,0,0,0,0,24,0,45,30,64,35,2105,0,0,45,0,38
0,0,0,4,4,0,0,4,27,15,0,0,39,7,30,50,304,113,32,13,0,6,0,1316,70,28,97,10
0,0,0,7,5,0,0,5,3,14,8,0,72,70,145,5,30,26,52,104,9,28,0,65,1435,96,126,21
0,0,0,7,14,0,0,8,12,10,45,22,7,101,40,78,12,186,33,33,188,67,14,29,76,1933,33,134
0,0,0,0,0,0,0,0,0,0,0,0,6,5,116,5,4,9,25,12,6,166,0,166,31,75,1480,41
0,0,0,0,6,0,0,17,12,24,24,104,0,6,3,48,149,26,144,13,37,50,184,16,17,56,13,1114
288,14,49,54,21,70,104,29,71,95,47,0,6,4,0,3,5,0,0,6,3,0,0,0,0,0,0,0
9,1128,86,157,90,87,25,113,20,0,0,0,41,46,10,25,13,6,14,0,0,0,0,0,0,0,0,0
44,117,1235,87,106,86,79,108,103,19,0,0,13,23,4,30,44,6,6,11,0,5,0,0,0,0,0,0
33,157,66,2026,62,11,6,48,13,0,0,0,138,86,65,43,9,51,9,0,0,0,0,25,20,5,0,0
122,63,72,90,1313,71,13,49,42,18,0,0,43,64,16,46,58,48,70,11,0,16,0,8,14,28,0,6
61,20,92,27,91,2003,93,120,142,107,20,0,43,19,4,12,47,4,4,58,15,7,0,0,0,0,0,0
13,36,19,94,37,41,1247,68,77,141,123,61,31,74,8,14,12,4,3,45,154,5,65,0,0,0,0,0
14,72,113,33,89,109,144,2375,68,47,20,0,14,48,17,47,89,14,52,59,17,156,0,5,7,15,0,35
24,10,62,108,64,140,95,99,2579,69,31,24,121,47,88,42,72,29,12,75,57,56,27,20,7,7,0,12
25,0,5,0,47,35,107,45,59,2306,92,70,0,115,108,38,51,146,45,72,134,17,177,12,48,12,0,10
3,0,0,0,0,6,60,38,54,82,2978,189,0,0,0,57,64,79,134,45,97,68,160,0,10,74,0,11
0,0,0,0,0,0,30,0,157,137,90,1922,0,0,0,0,243,0,114,96,30,116,37,0,0,9,0,21
53,11,107,52,42,47,4,7,4,0,0,0,1258,36,109,17,8,66,9,0,0,0,0,92,98,13,77,0
19,78,12,92,40,119,88,52,9,4,0,0,71,1435,82,23,24,76,52,11,0,15,0,16,58,167,36,18
0,17,12,94,12,8,54,118,168,9,0,0,137,49,2140,61,16,51,21,4,0,11,0,105,83,56,48,11
19,103,33,24,53,9,93,29,61,13,5,0,13,38,30,813,37,52,58,21,14,55,0,15,9,50,10,193
32,14,142,7,48,88,21,168,77,186,37,11,51,51,58,71,3714,88,161,117,52,192,42,138,76,28,23,104
0,11,8,97,49,9,7,9,75,243,16,0,31,116,80,26,109,2401,94,32,8,49,0,55,117,134,11,74
0,8,13,6,59,11,21,57,10,59,196,17,4,23,25,72,36,62,2079,82,37,151,9,24,36,160,50,117
29,0,9,0,5,90,66,32,101,39,64,21,0,32,67,18,35,28,19,948,42,49,15,67,67,35,50,6
13,0,0,0,0,7,77,5,36,187,101,224,0,0,0,15,25,44,22,38,1611,16,130,0,39,47,6,19
0,0,15,0,9,34,25,105,129,19,58,200,0,5,35,27,182,31,55,49,62,1657,23,57,22,19,39,53
0,0,0,0,0,0,5,0,5,55,287,214,0,0,0,0,20,0,44,30,59,35,2120,0,0,46,0,36
0,0,0,5,5,0,0,5,36,19,0,0,50,9,34,60,341,129,43,17,0,8,0,1375,82,39,121,13
0,0,0,8,6,0,0,6,4,16,9,0,82,74,139,5,31,26,61,125,10,35,0,59,1443,118,136,26
0,0,0,7,14,0,0,9,14,10,43,23,8,92,33,72,11,160,34,35,178,70,15,22,64,1971,29,132
0,0,0,0,0,0,0,0,0,0,0,0,7,6,105,5,4,9,28,13,7,189,0,142,29,86,1479,45
0,0,0,0,6,0,0,18,13,25,23,108,0,6,3,45,133,23,149,14,36,54,192,13,15,59,12,1126
293,15,47,51,22,71,107,29,73,100,50,0,6,5,0,4,6,0,0,6,4,0,0,0,0,0,0,0
9,1153,87,156,96,91,27,118,21,0,0,0,42,48,10,25,14,7,2,0,0,0,0,0,0,0,0,0
47,122,1250,87,114,91,84,114,110,21,0,0,14,24,5,30,45,6,6,12,0,2,0,0,0,0,0,0
37,175,72,2144,71,13,6,54,15,0,0,0,153,98,74,46,11,58,11,0,0,0,0,31,25,6,0,0
125,63,70,86,1336,71,14,49,43,19,0,0,42,65,16,44,57,48,71,11,0,17,0,8,15,31,0,7
64,21,93,27,96,2078,98,125,149,116,22,0,43,20,4,13,47,4,5,59,15,8,0,0,0,0,0,0
14,37,20,94,40,43,1318,71,83,155,137,65,32,77,8,15,13,4,3,46,155,6,74,0,0,0,0,0
15,71,111,32,94,112,147,2420,70,50,21,0,14,50,17,46,88,14,54,60,17,159,0,6,8,17,0,37
26,10,61,105,67,145,99,102,2704,74,34,24,122,49,89,41,73,30,13,76,56,59,30,22,7,8,0,14
27,0,5,0,49,36,111,46,61,2433,97,69,0,118,109,37,50,142,46,71,127,17,185,13,52,13,0,11
4,0,0,0,0,6,61,39,56,86,3040,179,0,0,0,55,64,78,132,44,88,65,158,0,11,73,0,11
0,0,0,0,0,0,32,0,168,150,98,1958,0,0,0,0,254,0,123,98,29,120,39,0,0,10,0,22
55,12,109,52,45,49,5,8,4,0,0,0,1286,38,113,17,8,68,10,0,0,0,0,104,114,15,92,0
18,73,12,85,40,116,86,51,9,5,0,0,68,1396,79,21,23,72,51,11,0,16,0,16,62,171,39,19
0,17,11,88,13,8,54,119,171,9,0,0,134,50,2123,58,16,50,21,5,0,11,0,112,90,59,52,12
18,91,30,21,51,9,88,28,58,13,5,0,13,37,28,725,35,48,55,20,13,52,0,15,9,49,11,188
32,13,130,7,46,85,21,159,75,183,35,10,47,49,55,63,3443,81,152,108,46,180,42,136,76,28,23,101
0,10,8,85,47,9,7,9,74,241,16,0,28,110,75,24,103,2228,91,30,8,47,0,55,121,135,11,74
0,9,13,7,61,11,22,59,10,63,201,17,4,24,24,68,35,59,2044,80,34,146,9,25,38,161,52,118
32,0,10,0,6,98,73,35,113,44,71,22,0,35,71,19,37,29,21,983,42,51,17,75,75,38,55,7
13,0,0,0,0,7,80,5,38,203,108,223,0,0,0,15,26,45,23,39,1557,17,137,0,43,49,7,19
0,0,16,0,10,37,28,115,144,22,65,203,0,6,37,27,194,33,59,51,62,1726,24,62,25,21,43,56
0,0,0,0,0,0,6,0,5,57,298,208,0,0,0,0,20,0,45,30,56,35,2191,0,0,48,0,36
0,0,0,5,5,0,0,5,33,18,0,0,44,9,31,52,305,116,40,16,0,8,0,1342,82,38,123,13
0,0,0,8,6,0,0,6,4,16,9,0,75,70,128,5,29,24,58,113,10,32,0,57,1443,115,138,25
0,0,0,7,16,0,0,10,15,12,47,23,8,99,34,74,12,165,36,36,175,73,16,24,70,2093,31,137
0,0,0,0,0,0,0,0,0,0,0,0,7,6,100,5,5,9,27,13,7,178,0,142,30,85,1508,43
0,0,0,0,7,0,0,18,14,27,24,102,0,6,3,44,135,23,153,14,34,55,196,14,16,62,13,1145